Workbook

Sheet POST IPO 보고서
B2: POST IPO 모니터링 보고서
B3: 기준일: 2026-06-04 | 분석 대상: 138개 종목 | 2년 이내 신규 상장주
B6: 전체 종목 | D6: A등급 | F6: B등급 | H6: 50점 이상 종목수 | J6: RSI>65
B7: 138 | D7: 0 | F7: 7 | H7: 49 | J7: =COUNTIF(전체!Q2:Q10000,">65")
B10: [Top] 추천종목 (종합스코어 50점 이상) | Q10: 구분 | R10: 종목수
B11: 순위 | C11: 종목명 | D11: 종합점수 | E11: 모멘텀 | F11: 수급 | G11: 거래량 | H11: RSI | I11: 등급 | J11: RSI신호 | K11: 등급변화 | L11: 점수변화량 | M11: 모멘텀Δ | N11: 수급Δ | O11: 거래량Δ | Q11: 강세 (A+B등급) | R11: 7
B12: 1 | C12: M83 | D12: 74.3 | E12: 98.1 | F12: 49.8 | G12: 100 | H12: 65.950345 | I12: B | J12: ★ | K12: =IFERROR(IF(I12=INDEX(전체_전일자!1:1048576,MATCH(C12,전체_전일자!B:B,0),MATCH("등급",전체_전일자!1:1,0)),"유지",INDEX(전체_전일자!1:1048576,MATCH(C12,전체_전일자!B:B,0),MATCH("등급",전체_전일자!1:1,0))&" → "&I12),"") | L12: =IFERROR(D12-INDEX(전체_전일자!1:1048576,MATCH(C12,전체_전일자!B:B,0),MATCH("종합스코어",전체_전일자!1:1,0)),"") | M12: =IFERROR(E12-INDEX(전체_전일자!1:1048576,MATCH(C12,전체_전일자!B:B,0),MATCH("모멘텀스코어",전체_전일자!1:1,0)),"") | N12: =IFERROR(F12-INDEX(전체_전일자!1:1048576,MATCH(C12,전체_전일자!B:B,0),MATCH("수급스코어",전체_전일자!1:1,0)),"") | O12: =IFERROR(G12-INDEX(전체_전일자!1:1048576,MATCH(C12,전체_전일자!B:B,0),MATCH("거래량스코어",전체_전일자!1:1,0)),"") | Q12: 중립 (C등급) | R12: 42
B13: 2 | C13: 디앤디파마텍 | D13: 73.6 | E13: 98.8 | F13: 50 | G13: 94.8 | H13: 59.719538 | I13: B | K13: =IFERROR(IF(I13=INDEX(전체_전일자!1:1048576,MATCH(C13,전체_전일자!B:B,0),MATCH("등급",전체_전일자!1:1,0)),"유지",INDEX(전체_전일자!1:1048576,MATCH(C13,전체_전일자!B:B,0),MATCH("등급",전체_전일자!1:1,0))&" → "&I13),"") | L13: =IFERROR(D13-INDEX(전체_전일자!1:1048576,MATCH(C13,전체_전일자!B:B,0),MATCH("종합스코어",전체_전일자!1:1,0)),"") | M13: =IFERROR(E13-INDEX(전체_전일자!1:1048576,MATCH(C13,전체_전일자!B:B,0),MATCH("모멘텀스코어",전체_전일자!1:1,0)),"") | N13: =IFERROR(F13-INDEX(전체_전일자!1:1048576,MATCH(C13,전체_전일자!B:B,0),MATCH("수급스코어",전체_전일자!1:1,0)),"") | O13: =IFERROR(G13-INDEX(전체_전일자!1:1048576,MATCH(C13,전체_전일자!B:B,0),MATCH("거래량스코어",전체_전일자!1:1,0)),"") | Q13: 약세 (D+F등급) | R13: 89
B14: 3 | C14: 에스켐 | D14: 72 | E14: 90.3 | F14: 54.2 | G14: 88.9 | H14: 44.206431 | I14: B | K14: =IFERROR(IF(I14=INDEX(전체_전일자!1:1048576,MATCH(C14,전체_전일자!B:B,0),MATCH("등급",전체_전일자!1:1,0)),"유지",INDEX(전체_전일자!1:1048576,MATCH(C14,전체_전일자!B:B,0),MATCH("등급",전체_전일자!1:1,0))&" → "&I14),"") | L14: =IFERROR(D14-INDEX(전체_전일자!1:1048576,MATCH(C14,전체_전일자!B:B,0),MATCH("종합스코어",전체_전일자!1:1,0)),"") | M14: =IFERROR(E14-INDEX(전체_전일자!1:1048576,MATCH(C14,전체_전일자!B:B,0),MATCH("모멘텀스코어",전체_전일자!1:1,0)),"") | N14: =IFERROR(F14-INDEX(전체_전일자!1:1048576,MATCH(C14,전체_전일자!B:B,0),MATCH("수급스코어",전체_전일자!1:1,0)),"") | O14: =IFERROR(G14-INDEX(전체_전일자!1:1048576,MATCH(C14,전체_전일자!B:B,0),MATCH("거래량스코어",전체_전일자!1:1,0)),"")
B15: 4 | C15: 노머스 | D15: 68.3 | E15: 46.6 | F15: 79.9 | G15: 71.9 | H15: 35.38595 | I15: B | K15: =IFERROR(IF(I15=INDEX(전체_전일자!1:1048576,MATCH(C15,전체_전일자!B:B,0),MATCH("등급",전체_전일자!1:1,0)),"유지",INDEX(전체_전일자!1:1048576,MATCH(C15,전체_전일자!B:B,0),MATCH("등급",전체_전일자!1:1,0))&" → "&I15),"") | L15: =IFERROR(D15-INDEX(전체_전일자!1:1048576,MATCH(C15,전체_전일자!B:B,0),MATCH("종합스코어",전체_전일자!1:1,0)),"") | M15: =IFERROR(E15-INDEX(전체_전일자!1:1048576,MATCH(C15,전체_전일자!B:B,0),MATCH("모멘텀스코어",전체_전일자!1:1,0)),"") | N15: =IFERROR(F15-INDEX(전체_전일자!1:1048576,MATCH(C15,전체_전일자!B:B,0),MATCH("수급스코어",전체_전일자!1:1,0)),"") | O15: =IFERROR(G15-INDEX(전체_전일자!1:1048576,MATCH(C15,전체_전일자!B:B,0),MATCH("거래량스코어",전체_전일자!1:1,0)),"")
B16: 5 | C16: 에이치브이엠 | D16: 68.3 | E16: 70.5 | F16: 67 | G16: 68.1 | H16: 50.032472 | I16: B | K16: =IFERROR(IF(I16=INDEX(전체_전일자!1:1048576,MATCH(C16,전체_전일자!B:B,0),MATCH("등급",전체_전일자!1:1,0)),"유지",INDEX(전체_전일자!1:1048576,MATCH(C16,전체_전일자!B:B,0),MATCH("등급",전체_전일자!1:1,0))&" → "&I16),"") | L16: =IFERROR(D16-INDEX(전체_전일자!1:1048576,MATCH(C16,전체_전일자!B:B,0),MATCH("종합스코어",전체_전일자!1:1,0)),"") | M16: =IFERROR(E16-INDEX(전체_전일자!1:1048576,MATCH(C16,전체_전일자!B:B,0),MATCH("모멘텀스코어",전체_전일자!1:1,0)),"") | N16: =IFERROR(F16-INDEX(전체_전일자!1:1048576,MATCH(C16,전체_전일자!B:B,0),MATCH("수급스코어",전체_전일자!1:1,0)),"") | O16: =IFERROR(G16-INDEX(전체_전일자!1:1048576,MATCH(C16,전체_전일자!B:B,0),MATCH("거래량스코어",전체_전일자!1:1,0)),"")
B17: 6 | C17: 케이뱅크 | D17: 67.6 | E17: 75.6 | F17: 67.9 | G17: 54.8 | H17: 39.379227 | I17: B | K17: =IFERROR(IF(I17=INDEX(전체_전일자!1:1048576,MATCH(C17,전체_전일자!B:B,0),MATCH("등급",전체_전일자!1:1,0)),"유지",INDEX(전체_전일자!1:1048576,MATCH(C17,전체_전일자!B:B,0),MATCH("등급",전체_전일자!1:1,0))&" → "&I17),"") | L17: =IFERROR(D17-INDEX(전체_전일자!1:1048576,MATCH(C17,전체_전일자!B:B,0),MATCH("종합스코어",전체_전일자!1:1,0)),"") | M17: =IFERROR(E17-INDEX(전체_전일자!1:1048576,MATCH(C17,전체_전일자!B:B,0),MATCH("모멘텀스코어",전체_전일자!1:1,0)),"") | N17: =IFERROR(F17-INDEX(전체_전일자!1:1048576,MATCH(C17,전체_전일자!B:B,0),MATCH("수급스코어",전체_전일자!1:1,0)),"") | O17: =IFERROR(G17-INDEX(전체_전일자!1:1048576,MATCH(C17,전체_전일자!B:B,0),MATCH("거래량스코어",전체_전일자!1:1,0)),"")
B18: 7 | C18: 벡트 | D18: 65.2 | E18: 52.4 | F18: 60.2 | G18: 97 | H18: 34.928758 | I18: B | K18: =IFERROR(IF(I18=INDEX(전체_전일자!1:1048576,MATCH(C18,전체_전일자!B:B,0),MATCH("등급",전체_전일자!1:1,0)),"유지",INDEX(전체_전일자!1:1048576,MATCH(C18,전체_전일자!B:B,0),MATCH("등급",전체_전일자!1:1,0))&" → "&I18),"") | L18: =IFERROR(D18-INDEX(전체_전일자!1:1048576,MATCH(C18,전체_전일자!B:B,0),MATCH("종합스코어",전체_전일자!1:1,0)),"") | M18: =IFERROR(E18-INDEX(전체_전일자!1:1048576,MATCH(C18,전체_전일자!B:B,0),MATCH("모멘텀스코어",전체_전일자!1:1,0)),"") | N18: =IFERROR(F18-INDEX(전체_전일자!1:1048576,MATCH(C18,전체_전일자!B:B,0),MATCH("수급스코어",전체_전일자!1:1,0)),"") | O18: =IFERROR(G18-INDEX(전체_전일자!1:1048576,MATCH(C18,전체_전일자!B:B,0),MATCH("거래량스코어",전체_전일자!1:1,0)),"")
B19: 8 | C19: 한텍 | D19: 64.5 | E19: 87.6 | F19: 39.7 | G19: 91.9 | H19: 45.700896 | I19: C | K19: =IFERROR(IF(I19=INDEX(전체_전일자!1:1048576,MATCH(C19,전체_전일자!B:B,0),MATCH("등급",전체_전일자!1:1,0)),"유지",INDEX(전체_전일자!1:1048576,MATCH(C19,전체_전일자!B:B,0),MATCH("등급",전체_전일자!1:1,0))&" → "&I19),"") | L19: =IFERROR(D19-INDEX(전체_전일자!1:1048576,MATCH(C19,전체_전일자!B:B,0),MATCH("종합스코어",전체_전일자!1:1,0)),"") | M19: =IFERROR(E19-INDEX(전체_전일자!1:1048576,MATCH(C19,전체_전일자!B:B,0),MATCH("모멘텀스코어",전체_전일자!1:1,0)),"") | N19: =IFERROR(F19-INDEX(전체_전일자!1:1048576,MATCH(C19,전체_전일자!B:B,0),MATCH("수급스코어",전체_전일자!1:1,0)),"") | O19: =IFERROR(G19-INDEX(전체_전일자!1:1048576,MATCH(C19,전체_전일자!B:B,0),MATCH("거래량스코어",전체_전일자!1:1,0)),"")
B20: 9 | C20: 한켐 | D20: 64.3 | E20: 71.5 | F20: 67 | G20: 46.7 | H20: 60.112585 | I20: C | K20: =IFERROR(IF(I20=INDEX(전체_전일자!1:1048576,MATCH(C20,전체_전일자!B:B,0),MATCH("등급",전체_전일자!1:1,0)),"유지",INDEX(전체_전일자!1:1048576,MATCH(C20,전체_전일자!B:B,0),MATCH("등급",전체_전일자!1:1,0))&" → "&I20),"") | L20: =IFERROR(D20-INDEX(전체_전일자!1:1048576,MATCH(C20,전체_전일자!B:B,0),MATCH("종합스코어",전체_전일자!1:1,0)),"") | M20: =IFERROR(E20-INDEX(전체_전일자!1:1048576,MATCH(C20,전체_전일자!B:B,0),MATCH("모멘텀스코어",전체_전일자!1:1,0)),"") | N20: =IFERROR(F20-INDEX(전체_전일자!1:1048576,MATCH(C20,전체_전일자!B:B,0),MATCH("수급스코어",전체_전일자!1:1,0)),"") | O20: =IFERROR(G20-INDEX(전체_전일자!1:1048576,MATCH(C20,전체_전일자!B:B,0),MATCH("거래량스코어",전체_전일자!1:1,0)),"")
B21: 10 | C21: 클로봇 | D21: 64.2 | E21: 71.5 | F21: 50.2 | G21: 88.1 | H21: 50.165413 | I21: C | K21: =IFERROR(IF(I21=INDEX(전체_전일자!1:1048576,MATCH(C21,전체_전일자!B:B,0),MATCH("등급",전체_전일자!1:1,0)),"유지",INDEX(전체_전일자!1:1048576,MATCH(C21,전체_전일자!B:B,0),MATCH("등급",전체_전일자!1:1,0))&" → "&I21),"") | L21: =IFERROR(D21-INDEX(전체_전일자!1:1048576,MATCH(C21,전체_전일자!B:B,0),MATCH("종합스코어",전체_전일자!1:1,0)),"") | M21: =IFERROR(E21-INDEX(전체_전일자!1:1048576,MATCH(C21,전체_전일자!B:B,0),MATCH("모멘텀스코어",전체_전일자!1:1,0)),"") | N21: =IFERROR(F21-INDEX(전체_전일자!1:1048576,MATCH(C21,전체_전일자!B:B,0),MATCH("수급스코어",전체_전일자!1:1,0)),"") | O21: =IFERROR(G21-INDEX(전체_전일자!1:1048576,MATCH(C21,전체_전일자!B:B,0),MATCH("거래량스코어",전체_전일자!1:1,0)),"")
B22: 11 | C22: 달바글로벌 | D22: 64.1 | E22: 69.5 | F22: 50.7 | G22: 89.6 | H22: 43.867101 | I22: C | K22: =IFERROR(IF(I22=INDEX(전체_전일자!1:1048576,MATCH(C22,전체_전일자!B:B,0),MATCH("등급",전체_전일자!1:1,0)),"유지",INDEX(전체_전일자!1:1048576,MATCH(C22,전체_전일자!B:B,0),MATCH("등급",전체_전일자!1:1,0))&" → "&I22),"") | L22: =IFERROR(D22-INDEX(전체_전일자!1:1048576,MATCH(C22,전체_전일자!B:B,0),MATCH("종합스코어",전체_전일자!1:1,0)),"") | M22: =IFERROR(E22-INDEX(전체_전일자!1:1048576,MATCH(C22,전체_전일자!B:B,0),MATCH("모멘텀스코어",전체_전일자!1:1,0)),"") | N22: =IFERROR(F22-INDEX(전체_전일자!1:1048576,MATCH(C22,전체_전일자!B:B,0),MATCH("수급스코어",전체_전일자!1:1,0)),"") | O22: =IFERROR(G22-INDEX(전체_전일자!1:1048576,MATCH(C22,전체_전일자!B:B,0),MATCH("거래량스코어",전체_전일자!1:1,0)),"")
B23: 12 | C23: 시프트업 | D23: 63.6 | E23: 79.4 | F23: 45.8 | G23: 84.4 | H23: 48.93134 | I23: C | K23: =IFERROR(IF(I23=INDEX(전체_전일자!1:1048576,MATCH(C23,전체_전일자!B:B,0),MATCH("등급",전체_전일자!1:1,0)),"유지",INDEX(전체_전일자!1:1048576,MATCH(C23,전체_전일자!B:B,0),MATCH("등급",전체_전일자!1:1,0))&" → "&I23),"") | L23: =IFERROR(D23-INDEX(전체_전일자!1:1048576,MATCH(C23,전체_전일자!B:B,0),MATCH("종합스코어",전체_전일자!1:1,0)),"") | M23: =IFERROR(E23-INDEX(전체_전일자!1:1048576,MATCH(C23,전체_전일자!B:B,0),MATCH("모멘텀스코어",전체_전일자!1:1,0)),"") | N23: =IFERROR(F23-INDEX(전체_전일자!1:1048576,MATCH(C23,전체_전일자!B:B,0),MATCH("수급스코어",전체_전일자!1:1,0)),"") | O23: =IFERROR(G23-INDEX(전체_전일자!1:1048576,MATCH(C23,전체_전일자!B:B,0),MATCH("거래량스코어",전체_전일자!1:1,0)),"")
B24: 13 | C24: 아이에스티이 | D24: 63.6 | E24: 76.8 | F24: 64.3 | G24: 42.2 | H24: 54.358427 | I24: C | K24: =IFERROR(IF(I24=INDEX(전체_전일자!1:1048576,MATCH(C24,전체_전일자!B:B,0),MATCH("등급",전체_전일자!1:1,0)),"유지",INDEX(전체_전일자!1:1048576,MATCH(C24,전체_전일자!B:B,0),MATCH("등급",전체_전일자!1:1,0))&" → "&I24),"") | L24: =IFERROR(D24-INDEX(전체_전일자!1:1048576,MATCH(C24,전체_전일자!B:B,0),MATCH("종합스코어",전체_전일자!1:1,0)),"") | M24: =IFERROR(E24-INDEX(전체_전일자!1:1048576,MATCH(C24,전체_전일자!B:B,0),MATCH("모멘텀스코어",전체_전일자!1:1,0)),"") | N24: =IFERROR(F24-INDEX(전체_전일자!1:1048576,MATCH(C24,전체_전일자!B:B,0),MATCH("수급스코어",전체_전일자!1:1,0)),"") | O24: =IFERROR(G24-INDEX(전체_전일자!1:1048576,MATCH(C24,전체_전일자!B:B,0),MATCH("거래량스코어",전체_전일자!1:1,0)),"")
B25: 14 | C25: 아이씨티케이 | D25: 62 | E25: 53.9 | F25: 84.3 | G25: 18.5 | H25: 54.393106 | I25: C | K25: =IFERROR(IF(I25=INDEX(전체_전일자!1:1048576,MATCH(C25,전체_전일자!B:B,0),MATCH("등급",전체_전일자!1:1,0)),"유지",INDEX(전체_전일자!1:1048576,MATCH(C25,전체_전일자!B:B,0),MATCH("등급",전체_전일자!1:1,0))&" → "&I25),"") | L25: =IFERROR(D25-INDEX(전체_전일자!1:1048576,MATCH(C25,전체_전일자!B:B,0),MATCH("종합스코어",전체_전일자!1:1,0)),"") | M25: =IFERROR(E25-INDEX(전체_전일자!1:1048576,MATCH(C25,전체_전일자!B:B,0),MATCH("모멘텀스코어",전체_전일자!1:1,0)),"") | N25: =IFERROR(F25-INDEX(전체_전일자!1:1048576,MATCH(C25,전체_전일자!B:B,0),MATCH("수급스코어",전체_전일자!1:1,0)),"") | O25: =IFERROR(G25-INDEX(전체_전일자!1:1048576,MATCH(C25,전체_전일자!B:B,0),MATCH("거래량스코어",전체_전일자!1:1,0)),"")
... B50: 39 | C50: HEM파마 | D50: 53.1 | E50: 61.3 | F50: 42.5 | G50: 67.4 | H50: 35.28453 | I50: C | K50: =IFERROR(IF(I50=INDEX(전체_전일자!1:1048576,MATCH(C50,전체_전일자!B:B,0),MATCH("등급",전체_전일자!1:1,0)),"유지",INDEX(전체_전일자!1:1048576,MATCH(C50,전체_전일자!B:B,0),MATCH("등급",전체_전일자!1:1,0))&" → "&I50),"") | L50: =IFERROR(D50-INDEX(전체_전일자!1:1048576,MATCH(C50,전체_전일자!B:B,0),MATCH("종합스코어",전체_전일자!1:1,0)),"") | M50: =IFERROR(E50-INDEX(전체_전일자!1:1048576,MATCH(C50,전체_전일자!B:B,0),MATCH("모멘텀스코어",전체_전일자!1:1,0)),"") | N50: =IFERROR(F50-INDEX(전체_전일자!1:1048576,MATCH(C50,전체_전일자!B:B,0),MATCH("수급스코어",전체_전일자!1:1,0)),"") | O50: =IFERROR(G50-INDEX(전체_전일자!1:1048576,MATCH(C50,전체_전일자!B:B,0),MATCH("거래량스코어",전체_전일자!1:1,0)),"")
B51: 40 | C51: 대진첨단소재 | D51: 53 | E51: 52.7 | F51: 54.4 | G51: 50 | H51: - | I51: C | K51: =IFERROR(IF(I51=INDEX(전체_전일자!1:1048576,MATCH(C51,전체_전일자!B:B,0),MATCH("등급",전체_전일자!1:1,0)),"유지",INDEX(전체_전일자!1:1048576,MATCH(C51,전체_전일자!B:B,0),MATCH("등급",전체_전일자!1:1,0))&" → "&I51),"") | L51: =IFERROR(D51-INDEX(전체_전일자!1:1048576,MATCH(C51,전체_전일자!B:B,0),MATCH("종합스코어",전체_전일자!1:1,0)),"") | M51: =IFERROR(E51-INDEX(전체_전일자!1:1048576,MATCH(C51,전체_전일자!B:B,0),MATCH("모멘텀스코어",전체_전일자!1:1,0)),"") | N51: =IFERROR(F51-INDEX(전체_전일자!1:1048576,MATCH(C51,전체_전일자!B:B,0),MATCH("수급스코어",전체_전일자!1:1,0)),"") | O51: =IFERROR(G51-INDEX(전체_전일자!1:1048576,MATCH(C51,전체_전일자!B:B,0),MATCH("거래량스코어",전체_전일자!1:1,0)),"")
B52: 41 | C52: 와이즈넛 | D52: 52 | E52: 46.2 | F52: 42 | G52: 85.9 | H52: 29.416205 | I52: C | K52: =IFERROR(IF(I52=INDEX(전체_전일자!1:1048576,MATCH(C52,전체_전일자!B:B,0),MATCH("등급",전체_전일자!1:1,0)),"유지",INDEX(전체_전일자!1:1048576,MATCH(C52,전체_전일자!B:B,0),MATCH("등급",전체_전일자!1:1,0))&" → "&I52),"") | L52: =IFERROR(D52-INDEX(전체_전일자!1:1048576,MATCH(C52,전체_전일자!B:B,0),MATCH("종합스코어",전체_전일자!1:1,0)),"") | M52: =IFERROR(E52-INDEX(전체_전일자!1:1048576,MATCH(C52,전체_전일자!B:B,0),MATCH("모멘텀스코어",전체_전일자!1:1,0)),"") | N52: =IFERROR(F52-INDEX(전체_전일자!1:1048576,MATCH(C52,전체_전일자!B:B,0),MATCH("수급스코어",전체_전일자!1:1,0)),"") | O52: =IFERROR(G52-INDEX(전체_전일자!1:1048576,MATCH(C52,전체_전일자!B:B,0),MATCH("거래량스코어",전체_전일자!1:1,0)),"")
B53: 42 | C53: 뉴엔AI | D53: 51.8 | E53: 25.3 | F53: 51.9 | G53: 91.1 | H53: 26.074429 | I53: C | K53: =IFERROR(IF(I53=INDEX(전체_전일자!1:1048576,MATCH(C53,전체_전일자!B:B,0),MATCH("등급",전체_전일자!1:1,0)),"유지",INDEX(전체_전일자!1:1048576,MATCH(C53,전체_전일자!B:B,0),MATCH("등급",전체_전일자!1:1,0))&" → "&I53),"") | L53: =IFERROR(D53-INDEX(전체_전일자!1:1048576,MATCH(C53,전체_전일자!B:B,0),MATCH("종합스코어",전체_전일자!1:1,0)),"") | M53: =IFERROR(E53-INDEX(전체_전일자!1:1048576,MATCH(C53,전체_전일자!B:B,0),MATCH("모멘텀스코어",전체_전일자!1:1,0)),"") | N53: =IFERROR(F53-INDEX(전체_전일자!1:1048576,MATCH(C53,전체_전일자!B:B,0),MATCH("수급스코어",전체_전일자!1:1,0)),"") | O53: =IFERROR(G53-INDEX(전체_전일자!1:1048576,MATCH(C53,전체_전일자!B:B,0),MATCH("거래량스코어",전체_전일자!1:1,0)),"")
B54: 43 | C54: 엔젤로보틱스 | D54: 51.4 | E54: 44.5 | F54: 50 | G54: 65.2 | H54: 46.452636 | I54: C | K54: =IFERROR(IF(I54=INDEX(전체_전일자!1:1048576,MATCH(C54,전체_전일자!B:B,0),MATCH("등급",전체_전일자!1:1,0)),"유지",INDEX(전체_전일자!1:1048576,MATCH(C54,전체_전일자!B:B,0),MATCH("등급",전체_전일자!1:1,0))&" → "&I54),"") | L54: =IFERROR(D54-INDEX(전체_전일자!1:1048576,MATCH(C54,전체_전일자!B:B,0),MATCH("종합스코어",전체_전일자!1:1,0)),"") | M54: =IFERROR(E54-INDEX(전체_전일자!1:1048576,MATCH(C54,전체_전일자!B:B,0),MATCH("모멘텀스코어",전체_전일자!1:1,0)),"") | N54: =IFERROR(F54-INDEX(전체_전일자!1:1048576,MATCH(C54,전체_전일자!B:B,0),MATCH("수급스코어",전체_전일자!1:1,0)),"") | O54: =IFERROR(G54-INDEX(전체_전일자!1:1048576,MATCH(C54,전체_전일자!B:B,0),MATCH("거래량스코어",전체_전일자!1:1,0)),"")
B55: 44 | C55: 데이원컴퍼니 | D55: 51.3 | E55: 38.8 | F55: 64.2 | G55: 37.8 | H55: 32.814473 | I55: C | K55: =IFERROR(IF(I55=INDEX(전체_전일자!1:1048576,MATCH(C55,전체_전일자!B:B,0),MATCH("등급",전체_전일자!1:1,0)),"유지",INDEX(전체_전일자!1:1048576,MATCH(C55,전체_전일자!B:B,0),MATCH("등급",전체_전일자!1:1,0))&" → "&I55),"") | L55: =IFERROR(D55-INDEX(전체_전일자!1:1048576,MATCH(C55,전체_전일자!B:B,0),MATCH("종합스코어",전체_전일자!1:1,0)),"") | M55: =IFERROR(E55-INDEX(전체_전일자!1:1048576,MATCH(C55,전체_전일자!B:B,0),MATCH("모멘텀스코어",전체_전일자!1:1,0)),"") | N55: =IFERROR(F55-INDEX(전체_전일자!1:1048576,MATCH(C55,전체_전일자!B:B,0),MATCH("수급스코어",전체_전일자!1:1,0)),"") | O55: =IFERROR(G55-INDEX(전체_전일자!1:1048576,MATCH(C55,전체_전일자!B:B,0),MATCH("거래량스코어",전체_전일자!1:1,0)),"")
B56: 45 | C56: 이엔셀 | D56: 51.2 | E56: 32.8 | F56: 63.4 | G56: 48.1 | H56: 25.879442 | I56: C | K56: =IFERROR(IF(I56=INDEX(전체_전일자!1:1048576,MATCH(C56,전체_전일자!B:B,0),MATCH("등급",전체_전일자!1:1,0)),"유지",INDEX(전체_전일자!1:1048576,MATCH(C56,전체_전일자!B:B,0),MATCH("등급",전체_전일자!1:1,0))&" → "&I56),"") | L56: =IFERROR(D56-INDEX(전체_전일자!1:1048576,MATCH(C56,전체_전일자!B:B,0),MATCH("종합스코어",전체_전일자!1:1,0)),"") | M56: =IFERROR(E56-INDEX(전체_전일자!1:1048576,MATCH(C56,전체_전일자!B:B,0),MATCH("모멘텀스코어",전체_전일자!1:1,0)),"") | N56: =IFERROR(F56-INDEX(전체_전일자!1:1048576,MATCH(C56,전체_전일자!B:B,0),MATCH("수급스코어",전체_전일자!1:1,0)),"") | O56: =IFERROR(G56-INDEX(전체_전일자!1:1048576,MATCH(C56,전체_전일자!B:B,0),MATCH("거래량스코어",전체_전일자!1:1,0)),"")
B57: 46 | C57: 신한글로벌액티브리츠 | D57: 51.1 | E57: 41.1 | F57: 49.3 | G57: 70.4 | H57: 25.0358 | I57: C | K57: =IFERROR(IF(I57=INDEX(전체_전일자!1:1048576,MATCH(C57,전체_전일자!B:B,0),MATCH("등급",전체_전일자!1:1,0)),"유지",INDEX(전체_전일자!1:1048576,MATCH(C57,전체_전일자!B:B,0),MATCH("등급",전체_전일자!1:1,0))&" → "&I57),"") | L57: =IFERROR(D57-INDEX(전체_전일자!1:1048576,MATCH(C57,전체_전일자!B:B,0),MATCH("종합스코어",전체_전일자!1:1,0)),"") | M57: =IFERROR(E57-INDEX(전체_전일자!1:1048576,MATCH(C57,전체_전일자!B:B,0),MATCH("모멘텀스코어",전체_전일자!1:1,0)),"") | N57: =IFERROR(F57-INDEX(전체_전일자!1:1048576,MATCH(C57,전체_전일자!B:B,0),MATCH("수급스코어",전체_전일자!1:1,0)),"") | O57: =IFERROR(G57-INDEX(전체_전일자!1:1048576,MATCH(C57,전체_전일자!B:B,0),MATCH("거래량스코어",전체_전일자!1:1,0)),"")
B58: 47 | C58: 제일엠앤에스 | D58: 50.8 | E58: 52.7 | F58: 50 | G58: 50 | H58: - | I58: C | K58: =IFERROR(IF(I58=INDEX(전체_전일자!1:1048576,MATCH(C58,전체_전일자!B:B,0),MATCH("등급",전체_전일자!1:1,0)),"유지",INDEX(전체_전일자!1:1048576,MATCH(C58,전체_전일자!B:B,0),MATCH("등급",전체_전일자!1:1,0))&" → "&I58),"") | L58: =IFERROR(D58-INDEX(전체_전일자!1:1048576,MATCH(C58,전체_전일자!B:B,0),MATCH("종합스코어",전체_전일자!1:1,0)),"") | M58: =IFERROR(E58-INDEX(전체_전일자!1:1048576,MATCH(C58,전체_전일자!B:B,0),MATCH("모멘텀스코어",전체_전일자!1:1,0)),"") | N58: =IFERROR(F58-INDEX(전체_전일자!1:1048576,MATCH(C58,전체_전일자!B:B,0),MATCH("수급스코어",전체_전일자!1:1,0)),"") | O58: =IFERROR(G58-INDEX(전체_전일자!1:1048576,MATCH(C58,전체_전일자!B:B,0),MATCH("거래량스코어",전체_전일자!1:1,0)),"")
B59: 48 | C59: 쓰리에이로직스 | D59: 50.3 | E59: 47.3 | F59: 39.6 | G59: 81.5 | H59: 35.482766 | I59: C | K59: =IFERROR(IF(I59=INDEX(전체_전일자!1:1048576,MATCH(C59,전체_전일자!B:B,0),MATCH("등급",전체_전일자!1:1,0)),"유지",INDEX(전체_전일자!1:1048576,MATCH(C59,전체_전일자!B:B,0),MATCH("등급",전체_전일자!1:1,0))&" → "&I59),"") | L59: =IFERROR(D59-INDEX(전체_전일자!1:1048576,MATCH(C59,전체_전일자!B:B,0),MATCH("종합스코어",전체_전일자!1:1,0)),"") | M59: =IFERROR(E59-INDEX(전체_전일자!1:1048576,MATCH(C59,전체_전일자!B:B,0),MATCH("모멘텀스코어",전체_전일자!1:1,0)),"") | N59: =IFERROR(F59-INDEX(전체_전일자!1:1048576,MATCH(C59,전체_전일자!B:B,0),MATCH("수급스코어",전체_전일자!1:1,0)),"") | O59: =IFERROR(G59-INDEX(전체_전일자!1:1048576,MATCH(C59,전체_전일자!B:B,0),MATCH("거래량스코어",전체_전일자!1:1,0)),"")
B60: 49 | C60: 삼현 | D60: 50.2 | E60: 48.6 | F60: 50 | G60: 53.3 | H60: 40.559012 | I60: C | K60: =IFERROR(IF(I60=INDEX(전체_전일자!1:1048576,MATCH(C60,전체_전일자!B:B,0),MATCH("등급",전체_전일자!1:1,0)),"유지",INDEX(전체_전일자!1:1048576,MATCH(C60,전체_전일자!B:B,0),MATCH("등급",전체_전일자!1:1,0))&" → "&I60),"") | L60: =IFERROR(D60-INDEX(전체_전일자!1:1048576,MATCH(C60,전체_전일자!B:B,0),MATCH("종합스코어",전체_전일자!1:1,0)),"") | M60: =IFERROR(E60-INDEX(전체_전일자!1:1048576,MATCH(C60,전체_전일자!B:B,0),MATCH("모멘텀스코어",전체_전일자!1:1,0)),"") | N60: =IFERROR(F60-INDEX(전체_전일자!1:1048576,MATCH(C60,전체_전일자!B:B,0),MATCH("수급스코어",전체_전일자!1:1,0)),"") | O60: =IFERROR(G60-INDEX(전체_전일자!1:1048576,MATCH(C60,전체_전일자!B:B,0),MATCH("거래량스코어",전체_전일자!1:1,0)),"")

Sheet 추천종목
A1: 코드 | B1: 코드명 | C1: 상장일 | D1: 현재가 | E1: 거래대금(억) | F1: 종합스코어 | G1: 모멘텀스코어 | H1: 수급스코어 | I1: 거래량스코어 | J1: RSI변화량 | K1: RSI(14) | L1: 전일RSI(14) | M1: RVOL(20) | N1: 기관_일간 | O1: 외국인_일간 | P1: 10일선돌파 | Q1: 20일선돌파 | R1: 60일선돌파 | S1: 변동성(30D) | T1: BB폭
A2: A476080 | B2: M83 | D2: 7760 | E2: 19.854038 | F2: 74.3 | G2: 98.1 | H2: 49.8 | I2: 100 | J2: 25 | K2: 65.950345 | L2: 40.922803 | M2: 3.9403885 | N2: 0 | O2: 1.9 | P2: 1 | Q2: 1 | R2: 1 | S2: 8.5578053 | T2: 2914.9675
A3: A347850 | B3: 디앤디파마텍 | D3: 94000 | E3: 1810.2473 | F3: 73.6 | G3: 98.8 | H3: 50 | I3: 94.8 | J3: 11.5 | K3: 59.719538 | L3: 48.212381 | M3: 1.4118697 | P3: 1 | Q3: 1 | R3: 1 | S3: 8.1432137 | T3: 54794.587
A4: A475660 | B4: 에스켐 | D4: 4540 | E4: 1.3223658 | F4: 72 | G4: 90.3 | H4: 54.2 | I4: 88.9 | J4: 14 | K4: 44.206431 | L4: 30.237798 | M4: 1.0115315 | N4: 0 | O4: 4.7 | P4: 1 | Q4: 0 | R4: 0 | S4: 4.761231 | T4: 1193.5312
A5: A473980 | B5: 노머스 | D5: 14000 | E5: 6.33892 | F5: 68.3 | G5: 46.6 | H5: 79.9 | I5: 71.9 | J5: 5.8 | K5: 35.38595 | L5: 29.594919 | M5: 0.67708559 | N5: 34.8 | O5: 23.2 | P5: 0 | Q5: 0 | R5: 0 | S5: 3.4568979 | T5: 5398.5242
A6: A295310 | B6: 에이치브이엠 | D6: 102600 | E6: 274.81307 | F6: 68.3 | G6: 70.5 | H6: 67 | I6: 68.1 | J6: 5.1 | K6: 50.032472 | L6: 44.914819 | M6: 0.62451547 | N6: 64.3 | O6: 71.5 | P6: 0 | Q6: 0 | R6: 1 | S6: 9.5068703 | T6: 51960.487
A7: A279570 | B7: 케이뱅크 | D7: 5590 | E7: 64.3139 | F7: 67.6 | G7: 75.6 | H7: 67.9 | I7: 54.8 | J7: 12.7 | K7: 39.379227 | L7: 26.722328 | M7: 0.5182964 | N7: 188.6 | O7: 56.5 | P7: 1 | Q7: 0 | R7: 0 | S7: 2.2128591 | T7: 853.7003
A8: A457600 | B8: 벡트 | D8: 1611 | E8: 1.6017529 | F8: 65.2 | G8: 52.4 | H8: 60.2 | I8: 97 | J8: -15.7 | K8: 34.928758 | L8: 50.661688 | M8: 2.1299189 | N8: 0.2 | O8: 0.7 | P8: 0 | Q8: 0 | R8: 0 | S8: 3.4730753 | T8: 895.64382
A9: A098070 | B9: 한텍 | D9: 36800 | E9: 41.505984 | F9: 64.5 | G9: 87.6 | H9: 39.7 | I9: 91.9 | J9: 10.6 | K9: 45.700896 | L9: 35.075721 | M9: 1.0710694 | N9: -21.9 | O9: 7.3 | P9: 1 | Q9: 0 | R9: 0 | S9: 3.9205486 | T9: 14878.805
A10: A457370 | B10: 한켐 | D10: 11290 | E10: 68.17252 | F10: 64.3 | G10: 71.5 | H10: 67 | I10: 46.7 | J10: -4.5 | K10: 60.112585 | L10: 64.612652 | M10: 0.43022792 | N10: 9.9 | O10: 145.3 | P10: 1 | Q10: 1 | R10: 1 | S10: 7.5742566 | T10: 6385.1209
A11: A466100 | B11: 클로봇 | D11: 46450 | E11: 221.04115 | F11: 64.2 | G11: 71.5 | H11: 50.2 | I11: 88.1 | J11: 4.9 | K11: 50.165413 | L11: 45.302741 | M11: 1.0114305 | N11: 281.5 | O11: -241.8 | P11: 1 | Q11: 1 | R11: 0 | S11: 4.2630254 | T11: 13252.444
A12: A483650 | B12: 달바글로벌 | D12: 198100 | E12: 517.26882 | F12: 64.1 | G12: 69.5 | H12: 50.7 | I12: 89.6 | J12: 18.5 | K12: 43.867101 | L12: 25.40614 | M12: 1.0269483 | N12: -1546 | O12: 1589.7 | P12: 0 | Q12: 0 | R12: 1 | S12: 4.6744229 | T12: 74619.357
A13: A212710 | B13: 아이에스티이 | D13: 11510 | E13: 20.847718 | F13: 63.6 | G13: 76.8 | H13: 64.3 | I13: 42.2 | J13: -14 | K13: 54.358427 | L13: 68.363385 | M13: 0.40606491 | N13: 2.4 | O13: 30.1 | P13: 0 | Q13: 1 | R13: 1 | S13: 6.3058541 | T13: 4249.0688
A14: A462870 | B14: 시프트업 | D14: 30450 | E14: 23.668176 | F14: 63.6 | G14: 79.4 | H14: 45.8 | I14: 84.4 | J14: 8.3 | K14: 48.93134 | L14: 40.612545 | M14: 0.90146386 | N14: 80.7 | O14: -26.3 | P14: 1 | Q14: 1 | R14: 0 | S14: 2.3150377 | T14: 5017.5586
A15: A456010 | B15: 아이씨티케이 | D15: 28150 | E15: 173.5684 | F15: 62 | G15: 53.9 | H15: 84.3 | I15: 18.5 | J15: -1.4 | K15: 54.393106 | L15: 55.76564 | M15: 0.28445863 | N15: 12.1 | O15: 319.6 | P15: 0 | Q15: 1 | R15: 1 | S15: 9.1631452 | T15: 19888.898
... A31: A160190 | B31: 하이젠알앤엠 | D31: 30450 | E31: 40.233889 | F31: 55.5 | G31: 36.1 | H31: 68.6 | I31: 51.9 | J31: 13.8 | K31: 33.026318 | L31: 19.176734 | M31: 0.4854939 | N31: 116.4 | O31: -6.4 | P31: 0 | Q31: 0 | R31: 0 | S31: 4.5839128 | T31: 18045.976
A32: A309710 | B32: 아이티켐 | D32: 21000 | F32: 55.4 | G32: 60.8 | H32: 54.4 | I32: 50 | K32: 48.751956 | N32: 0 | O32: 0 | P32: 0 | Q32: 0 | R32: 0 | S32: 0 | T32: 0
A33: A464280 | B33: 티디에스팜 | D33: 7010 | E33: 2.0935365 | F33: 55 | G33: 40 | H33: 53.7 | I33: 80.7 | J33: 8.4 | K33: 30.177758 | L33: 21.814804 | M33: 0.83897873 | N33: 0 | O33: 0.1 | P33: 0 | Q33: 0 | R33: 0 | S33: 3.0007649 | T33: 2069.9952
A34: A486990 | B34: 노타 | D34: 39100 | E34: 570.7384 | F34: 54.6 | G34: 98 | H34: 11.2 | I34: 97.8 | J34: 11.9 | K34: 60.281059 | L34: 48.416358 | M34: 2.246689 | N34: -143.8 | O34: -73.7 | P34: 1 | Q34: 1 | R34: 1 | S34: 7.4864593 | T34: 15441.881
A35: A031210 | B35: 서울보증보험 | D35: 43450 | E35: 21.771491 | F35: 54.6 | G35: 57.7 | H35: 49.1 | I35: 63.7 | J35: 8.3 | K35: 37.130829 | L35: 28.819263 | M35: 0.59549425 | N35: -121.3 | O35: 164.1 | P35: 0 | Q35: 0 | R35: 0 | S35: 2.2897461 | T35: 5308.9398
A36: A382150 | B36: 온코크로스 | D36: 5350 | E36: 4.24255 | F36: 54.5 | G36: 21.3 | H36: 64.5 | I36: 79.3 | J36: 11.2 | K36: 28.042048 | L36: 16.798042 | M36: 0.78327679 | N36: 0.1 | O36: 9 | P36: 0 | Q36: 0 | R36: 0 | S36: 4.7969425 | T36: 3033.4445
A37: A234030 | B37: 싸이닉솔루션 | D37: 4735 | E37: 5.8319101 | F37: 53.4 | G37: 27.2 | H37: 65.6 | I37: 62.2 | J37: -0.7 | K37: 24.553169 | L37: 25.272101 | M37: 0.5801331 | N37: -3.7 | O37: 18.9 | P37: 0 | Q37: 0 | R37: 0 | S37: 3.2796983 | T37: 3189.9215
A38: A468530 | B38: 프로티나 | D38: 37500 | E38: 21.2535 | F38: 53.3 | G38: 42 | H38: 52 | I38: 73.3 | J38: 10.9 | K38: 26.424076 | L38: 15.521495 | M38: 0.6899549 | N38: -90 | O38: 151.2 | P38: 0 | Q38: 0 | R38: 0 | S38: 4.2124554 | T38: 21901.252
A39: A064400 | B39: LG씨엔에스 | D39: 126400 | E39: 4203.9932 | F39: 53.2 | G39: 71.5 | H39: 30.7 | I39: 82.2 | J39: -9.2 | K39: 68.984488 | L39: 78.150327 | M39: 0.84817437 | N39: -1246.3 | O39: -7420.8 | P39: 1 | Q39: 1 | R39: 1 | S39: 9.0699357 | T39: 92024.198
A40: A376270 | B40: HEM파마 | D40: 49250 | E40: 11.23491 | F40: 53.1 | G40: 61.3 | H40: 42.5 | I40: 67.4 | J40: 12.1 | K40: 35.28453 | L40: 23.162993 | M40: 0.62406644 | N40: 40.4 | O40: -12.6 | P40: 0 | Q40: 0 | R40: 0 | S40: 5.0832422 | T40: 32413.993
A41: A393970 | B41: 대진첨단소재 | D41: 2825 | F41: 53 | G41: 52.7 | H41: 54.4 | I41: 50 | N41: 0 | O41: 0 | P41: 0 | Q41: 0 | R41: 0 | S41: 0 | T41: 0
A42: A096250 | B42: 와이즈넛 | D42: 7890 | E42: 5.0349246 | F42: 52 | G42: 46.2 | H42: 42 | I42: 85.9 | J42: 16.3 | K42: 29.416205 | L42: 13.110655 | M42: 0.91908498 | N42: -4.1 | O42: 15.4 | P42: 0 | Q42: 0 | R42: 0 | S42: 2.8601645 | T42: 3237.5195
A43: A463020 | B43: 뉴엔AI | D43: 8820 | E43: 8.7221862 | F43: 51.8 | G43: 25.3 | H43: 51.9 | I43: 91.1 | J43: 2.4 | K43: 26.074429 | L43: 23.710033 | M43: 1.065199 | N43: -2 | O43: 25.3 | P43: 0 | Q43: 0 | R43: 0 | S43: 3.9081253 | T43: 7318.1013
A44: A455900 | B44: 엔젤로보틱스 | D44: 27200 | E44: 27.34008 | F44: 51.4 | G44: 44.5 | H44: 50 | I44: 65.2 | J44: 3.7 | K44: 46.452636 | L44: 42.794451 | M44: 0.60900576 | P44: 0 | Q44: 0 | R44: 0 | S44: 5.5869587 | T44: 6623.3638
A45: A373160 | B45: 데이원컴퍼니 | D45: 3800 | E45: 0.45809 | F45: 51.3 | G45: 38.8 | H45: 64.2 | I45: 37.8 | J45: 13.7 | K45: 32.814473 | L45: 19.1191 | M45: 0.38008967 | N45: 3.1 | O45: 2.2 | P45: 0 | Q45: 0 | R45: 0 | S45: 4.0312447 | T45: 1398.9334
A46: A456070 | B46: 이엔셀 | D46: 9780 | E46: 4.988289 | F46: 51.2 | G46: 32.8 | H46: 63.4 | I46: 48.1 | J46: 10 | K46: 25.879442 | L46: 15.858352 | M46: 0.43691632 | N46: 0.8 | O46: 14.5 | P46: 0 | Q46: 0 | R46: 0 | S46: 3.6627661 | T46: 6198.6471
A47: A481850 | B47: 신한글로벌액티브리츠 | D47: 923 | E47: 0.59473505 | F47: 51.1 | G47: 41.1 | H47: 49.3 | I47: 70.4 | J47: 8.5 | K47: 25.0358 | L47: 16.575252 | M47: 0.63779885 | N47: 0.6 | O47: -0.6 | P47: 0 | Q47: 0 | R47: 0 | S47: 1.9202047 | T47: 234.5855
A48: A412540 | B48: 제일엠앤에스 | D48: 3935 | F48: 50.8 | G48: 52.7 | H48: 50 | I48: 50 | P48: 0 | Q48: 0 | R48: 0 | S48: 0 | T48: 0
A49: A177900 | B49: 쓰리에이로직스 | D49: 5680 | E49: 7.7660368 | F49: 50.3 | G49: 47.3 | H49: 39.6 | I49: 81.5 | J49: -11.7 | K49: 35.482766 | L49: 47.204038 | M49: 0.84229501 | N49: -2.2 | O49: -4.8 | P49: 0 | Q49: 0 | R49: 0 | S49: 4.6090384 | T49: 2514.8284
A50: A437730 | B50: 삼현 | D50: 47900 | E50: 96.388691 | F50: 50.2 | G50: 48.6 | H50: 50 | I50: 53.3 | J50: 8 | K50: 40.559012 | L50: 32.560339 | M50: 0.51348862 | P50: 0 | Q50: 0 | R50: 0 | S50: 5.1966304 | T50: 13268.578
A51: A217590 | B51: 티엠씨 | D51: 19850 | E51: 52.032408 | F51: 49.8 | G51: 46.3 | H51: 51.9 | I51: 49.6 | J51: -2.4 | K51: 35.962839 | L51: 38.333512 | M51: 0.46065251 | N51: -112.9 | O51: 100.1 | P51: 0 | Q51: 0 | R51: 0 | S51: 7.618029 | T51: 16250.445

Sheet 전체
A1: 코드 | B1: 코드명 | C1: 상장일 | D1: days_since_ipo | E1: 기관_일간 | F1: 기관_5일 | G1: 기관_20일 | H1: 외국인_일간 | I1: 외국인_5일 | J1: 외국인_20일 | K1: 현재가 | L1: 거래량 | M1: 거래대금(억) | N1: 20일평균거래량 | O1: RVOL(20) | P1: 변동성(30D) | Q1: RSI(14) | R1: 전일RSI(14) | S1: RSI변화량 | T1: 1일수익률(%) | U1: 20일수익률(%) | V1: 10일이평 | W1: 20일이평 | X1: 60일이평 | Y1: 10일선돌파 | Z1: 20일선돌파 | AA1: 60일선돌파 | AB1: BB폭 | AC1: 모멘텀스코어 | AD1: 수급스코어 | AE1: 거래량스코어 | AF1: 종합스코어 | AG1: 등급
A2: A458350 | B2: 에스팀 | E2: 0.2 | F2: -3.7 | G2: -7.1 | H2: 10.5 | I2: 22 | J2: 28.1 | K2: 5590 | L2: 16455 | M2: 0.9198345 | N2: 66784.85 | O2: 0.24638822 | P2: 2.5403041 | Q2: 8.4920043 | R2: 5.5523594 | S2: 2.9 | T2: 1.084991 | U2: -38.163717 | V2: 6232 | W2: 7077 | X2: 10112.833 | Y2: 0 | Z2: 0 | AA2: 0 | AB2: 4211.545 | AC2: 24.5 | AD2: 60.8 | AE2: 16.3 | AF2: 41 | AG2: D
A3: A279570 | B3: 케이뱅크 | E3: 188.6 | F3: 1261.1 | G3: 2414.4 | H3: 56.5 | I3: -172.6 | J3: -1422.9 | K3: 5590 | L3: 1150517 | M3: 64.3139 | N3: 2219805.1 | O3: 0.5182964 | P3: 2.2128591 | Q3: 39.379227 | R3: 26.722328 | S3: 12.7 | T3: 0 | U3: -11.128776 | V3: 5569 | W3: 5626.5 | X3: 6164.1667 | Y3: 1 | Z3: 0 | AA3: 0 | AB3: 853.7003 | AC3: 75.6 | AD3: 67.9 | AE3: 54.8 | AF3: 67.6 | AG3: B
A4: A490470 | B4: 세미파이브 | E4: -4.9 | F4: -301.2 | G4: -1058 | H4: -20.1 | I4: -1802.6 | J4: -1273.4 | K4: 38100 | L4: 882203 | M4: 336.11934 | N4: 1236360.4 | O4: 0.71354838 | P4: 6.883819 | Q4: 49.74338 | R4: 28.176565 | S4: 21.6 | T4: -3.5443038 | U4: -21.92623 | V4: 38490 | W4: 38847.5 | X4: 33506.667 | Y4: 0 | Z4: 0 | AA4: 1 | AB4: 11641.934 | AC4: 40.3 | AD4: 12.2 | AE4: 74.1 | AF4: 33 | AG4: D
A5: A491000 | B5: 리브스메드 | E5: -124.2 | F5: -797.1 | G5: -1957.8 | H5: 130.3 | I5: -2070.8 | J5: 2326.7 | K5: 49400 | L5: 179150 | M5: 88.5001 | N5: 420450.45 | O5: 0.42609064 | P5: 6.3325383 | Q5: 35.120554 | R5: 25.146179 | S5: 10 | T5: 3.0239833 | U5: -29.226361 | V5: 59575 | W5: 61687.5 | X5: 67859.167 | Y5: 0 | Z5: 0 | AA5: 0 | AB5: 30419.237 | AC5: 50.3 | AD5: 33.2 | AE5: 45.9 | AF5: 40.9 | AG5: D
A6: A476830 | B6: 알지노믹스 | E6: -557.6 | F6: -1867.9 | G6: -5921.3 | H6: 941 | I6: 1190 | J6: 8876.5 | K6: 110000 | L6: 231128 | M6: 254.2408 | N6: 299938.8 | O6: 0.77058387 | P6: 4.7133699 | Q6: 28.103637 | R6: 17.720038 | S6: 10.4 | T6: -0.81154193 | U6: -36.962751 | V6: 128640 | W6: 142665 | X6: 177491.67 | Y6: 0 | Z6: 0 | AA6: 0 | AB6: 77209.574 | AC6: 22.8 | AD6: 50.5 | AE6: 77.8 | AF6: 47.7 | AG6: D
A7: A478340 | B7: 나라스페이스테크놀로지 | E7: -8.5 | F7: -9.5 | G7: -183 | H7: 137.8 | I7: -29 | J7: 75 | K7: 23400 | L7: 118111 | M7: 27.637974 | N7: 312140.85 | O7: 0.37839008 | P7: 5.616511 | Q7: 34.491198 | R7: 25.961415 | S7: 8.5 | T7: 5.6433409 | U7: -31.47877 | V7: 26605 | W7: 28842.5 | X7: 35685 | Y7: 0 | Z7: 0 | AA7: 0 | AB7: 13172.423 | AC7: 50.2 | AD7: 49.1 | AE7: 37 | AF7: 47 | AG7: D
A8: A217590 | B8: 티엠씨 | E8: -112.9 | F8: -250.3 | G8: -148.4 | H8: 100.1 | I8: 215.5 | J8: 368 | K8: 19850 | L8: 262128 | M8: 52.032408 | N8: 569036.3 | O8: 0.46065251 | P8: 7.618029 | Q8: 35.962839 | R8: 38.333512 | S8: -2.4 | T8: 4.7493404 | U8: -35.864297 | V8: 23950 | W8: 26417.5 | X8: 24650 | Y8: 0 | Z8: 0 | AA8: 0 | AB8: 16250.445 | AC8: 46.3 | AD8: 51.9 | AE8: 49.6 | AF8: 49.8 | AG8: D
A9: A464490 | B9: 쿼드메디슨 | E9: -1.8 | F9: 13.1 | G9: -23.7 | H9: 13.5 | I9: 58.8 | J9: 162.1 | K9: 8210 | L9: 55389 | M9: 4.5474369 | N9: 109949.95 | O9: 0.50376558 | P9: 3.0455665 | Q9: 17.772058 | R9: 6.8982911 | S9: 10.9 | T9: -2.3781213 | U9: -36.748844 | V9: 9384 | W9: 10377.5 | X9: 12845.167 | Y9: 0 | Z9: 0 | AA9: 0 | AB9: 4945.2902 | AC9: 11.1 | AD9: 62.8 | AE9: 52.6 | AF9: 45.2 | AG9: D
A10: A261520 | B10: 이지스 | E10: 0 | F10: -0.1 | G10: -52.9 | H10: 9.5 | I10: 23.9 | J10: 53.9 | K10: 4975 | L10: 32529 | M10: 1.6183178 | N10: 73545.9 | O10: 0.44229522 | P10: 3.0055473 | Q10: 21.732463 | R10: 10.421199 | S10: 11.3 | T10: 1.0152284 | U10: -36.217949 | V10: 5501 | W10: 6121 | X10: 7748.3333 | Y10: 0 | Z10: 0 | AA10: 0 | AB10: 3110.8137 | AC10: 27 | AD10: 58.3 | AE10: 48.9 | AF10: 47 | AG10: D
A11: A950250 | B11: 테라뷰 | E11: -0.1 | F11: -0.1 | G11: -30.7 | H11: 82.7 | I11: -78.9 | J11: -47.9 | K11: 3540 | L11: 442471 | M11: 15.663473 | N11: 959401.55 | O11: 0.46119479 | P11: 4.0061721 | Q11: 21.718503 | R11: 9.8048533 | S11: 11.9 | T11: 3.8123167 | U11: -46.766917 | V11: 4081.5 | W11: 4772.5 | X11: 6407.6667 | Y11: 0 | Z11: 0 | AA11: 0 | AB11: 3620.9188 | AC11: 28 | AD11: 49.8 | AE11: 50.4 | AF11: 43.4 | AG11: D
A12: A488900 | B12: 비츠로넥스텍 | E12: 0.1 | F12: -55.2 | G12: -441.8 | H12: 39.2 | I12: 43.5 | J12: 171.2 | K12: 11900 | L12: 94640 | M12: 11.26216 | N12: 137889 | O12: 0.68634916 | P12: 3.8624689 | Q12: 24.702113 | R12: 16.278417 | S12: 8.4 | T12: -1.2448133 | U12: -38.691396 | V12: 14056 | W12: 15923.5 | X12: 17755 | Y12: 0 | Z12: 0 | AA12: 0 | AB12: 9289.2266 | AC12: 16 | AD12: 58.7 | AE12: 72.6 | AF12: 48.7 | AG12: D
A13: A388210 | B13: 씨엠티엑스 | E13: -209.4 | F13: -1003.7 | G13: -4665.9 | H13: 48.5 | I13: 872.8 | J13: 1325.7 | K13: 106000 | L13: 80074 | M13: 84.87844 | N13: 126245.2 | O13: 0.63427362 | P13: 4.0865939 | Q13: 36.389936 | R13: 30.747954 | S13: 5.6 | T13: -2.0332717 | U13: -24.393723 | V13: 113270 | W13: 120415 | X13: 133206.67 | Y13: 0 | Z13: 0 | AA13: 0 | AB13: 39935.796 | AC13: 37.3 | AD13: 46.2 | AE13: 69.6 | AF13: 48.2 | AG13: D
... A24: A456160 | B24: 지투지바이오 | E24: 39.8 | F24: -651.8 | G24: -558.2 | H24: 178.8 | I24: -196 | J24: 690.5 | K24: 53500 | L24: 184821 | M24: 98.879235 | N24: 287970.95 | O24: 0.64180432 | P24: 4.826872 | Q24: 29.524383 | R24: 12.064757 | S24: 17.5 | T24: -0.37243948 | U24: -37.206573 | V24: 59040 | W24: 65005 | X24: 75601.667 | Y24: 0 | Z24: 0 | AA24: 0 | AB24: 31889.408 | AC24: 24.5 | AD24: 53.7 | AE24: 71.1 | AF24: 48.4 | AG24: D
A25: A309710 | B25: 아이티켐 | E25: 0 | F25: 0 | G25: 0 | H25: 0 | I25: 0 | J25: 0 | K25: 21000 | L25: 0 | N25: 0 | P25: 0 | Q25: 48.751956 | T25: 0 | U25: 0 | V25: 21000 | W25: 21000 | X25: 24323.333 | Y25: 0 | Z25: 0 | AA25: 0 | AB25: 0 | AC25: 60.8 | AD25: 54.4 | AE25: 50 | AF25: 55.4 | AG25: C
A26: A439260 | B26: 대한조선 | E26: 16.5 | F26: -310.3 | G26: -1463.7 | H26: -14.9 | I26: 48.3 | J26: -976.1 | K26: 62000 | L26: 70412 | M26: 43.65544 | N26: 123542.2 | O26: 0.5699429 | P26: 2.5745637 | Q26: 25.930481 | R26: 10.00953 | S26: 15.9 | T26: 0.9771987 | U26: -30.726257 | V26: 65400 | W26: 70845 | X26: 84750 | Y26: 0 | Z26: 0 | AA26: 0 | AB26: 31012.52 | AC26: 36.6 | AD26: 36.5 | AE26: 61.5 | AF26: 41.5 | AG26: D
A27: A468530 | B27: 프로티나 | E27: -90 | F27: -398 | G27: -633.8 | H27: 151.2 | I27: 578.8 | J27: 1346.9 | K27: 37500 | L27: 56676 | M27: 21.2535 | N27: 82144.5 | O27: 0.6899549 | P27: 4.2124554 | Q27: 26.424076 | R27: 15.521495 | S27: 10.9 | T27: 4.0221914 | U27: -32.065217 | V27: 41515 | W27: 45720 | X27: 60701.667 | Y27: 0 | Z27: 0 | AA27: 0 | AB27: 21901.252 | AC27: 42 | AD27: 52 | AE27: 73.3 | AF27: 53.3 | AG27: C
A28: A475230 | B28: 엔알비 | E28: 17.7 | F28: 55.6 | G28: 40.4 | H28: 23.1 | I28: 53.9 | J28: 426.1 | K28: 11870 | L28: 41182 | M28: 4.8883034 | N28: 139724.45 | O28: 0.29473725 | P28: 4.1186128 | Q28: 22.27623 | R28: 17.640194 | S28: 4.6 | T28: -3.5743298 | U28: -37.029178 | V28: 13866 | W28: 15369.5 | X28: 19521.167 | Y28: 0 | Z28: 0 | AA28: 0 | AB28: 7936.0335 | AC28: 8.7 | AD28: 82.4 | AE28: 20.7 | AF28: 48 | AG28: D
A29: A380550 | B29: 뉴로핏 | E29: -5.5 | F29: -12.3 | G29: -72.8 | H29: 75 | I29: 191.6 | J29: 213.9 | K29: 13310 | L29: 157333 | M29: 20.941022 | N29: 479759.6 | O29: 0.32794133 | P29: 4.1436218 | Q29: 27.681957 | R29: 20.055471 | S29: 7.6 | T29: 0.52870091 | U29: -33.216257 | V29: 15358 | W29: 16747 | X29: 19825.833 | Y29: 0 | Z29: 0 | AA29: 0 | AB29: 7568.1449 | AC29: 32.9 | AD29: 59.3 | AE29: 28.1 | AF29: 45.1 | AG29: D
A30: A484120 | B30: 도우인시스 | E30: -2.1 | F30: -4.2 | G30: -10 | H30: 5.1 | I30: -30.2 | J30: -53.2 | K30: 16840 | L30: 15022 | M30: 2.5297048 | N30: 28505.8 | O30: 0.52698047 | P30: 3.7868111 | Q30: 32.446241 | R30: 23.204994 | S30: 9.2 | T30: -2.7713626 | U30: -27.099567 | V30: 18521 | W30: 20358 | X30: 20613.833 | Y30: 0 | Z30: 0 | AA30: 0 | AB30: 8934.7256 | AC30: 29.4 | AD30: 40.1 | AE30: 56.3 | AF30: 40.1 | AG30: D
A31: A331740 | B31: 아우토크립트 | E31: -8.4 | F31: 117.8 | G31: -120.5 | H31: -40.6 | I31: -96.7 | J31: -131.3 | K31: 10580 | L31: 219498 | M31: 23.222888 | N31: 108080.6 | O31: 2.0308733 | P31: 5.3353652 | Q31: 33.681263 | R31: 34.863772 | S31: -1.2 | T31: -12.921811 | U31: -28.561783 | V31: 12247 | W31: 12699 | X31: 15147.833 | Y31: 0 | Z31: 0 | AA31: 0 | AB31: 4306.1943 | AC31: 24.9 | AD31: 32.2 | AE31: 96.3 | AF31: 42.8 | AG31: D
A32: A234030 | B32: 싸이닉솔루션 | E32: -3.7 | F32: 1 | G32: 4.2 | H32: 18.9 | I32: 65.3 | J32: 50.5 | K32: 4735 | L32: 123166 | M32: 5.8319101 | N32: 212306.45 | O32: 0.5801331 | P32: 3.2796983 | Q32: 24.553169 | R32: 25.272101 | S32: -0.7 | T32: 0.42417815 | U32: -35.840108 | V32: 5242.5 | W32: 5844.75 | X32: 6665.4167 | Y32: 0 | Z32: 0 | AA32: 0 | AB32: 3189.9215 | AC32: 27.2 | AD32: 65.6 | AE32: 62.2 | AF32: 53.4 | AG32: C
A33: A463020 | B33: 뉴엔AI | E33: -2 | F33: -11.4 | G33: -29 | H33: 25.3 | I33: 16 | J33: -7.2 | K33: 8820 | L33: 98891 | M33: 8.7221862 | N33: 92838.05 | O33: 1.065199 | P33: 3.9081253 | Q33: 26.074429 | R33: 23.710033 | S33: 2.4 | T33: 0.57012543 | U33: -41.897233 | V33: 9777 | W33: 11229.5 | X33: 12657.5 | Y33: 0 | Z33: 0 | AA33: 0 | AB33: 7318.1013 | AC33: 25.3 | AD33: 51.9 | AE33: 91.1 | AF33: 51.8 | AG33: C
A34: A388610 | B34: 지에프씨생명과학 | E34: 0 | F34: 0 | G34: -19.5 | H34: 3.1 | I34: 2.1 | J34: -24.4 | K34: 6560 | L34: 7149 | M34: 0.4689744 | N34: 23680.7 | O34: 0.30189141 | P34: 3.3384414 | Q34: 25.415872 | R34: 13.396338 | S34: 12 | T34: 1.3910355 | U34: -34.004024 | V34: 7238 | W34: 8023.5 | X34: 9287.1667 | Y34: 0 | Z34: 0 | AA34: 0 | AB34: 4034.2591 | AC34: 33.9 | AD34: 53 | AE34: 23.7 | AF34: 41.4 | AG34: D
A35: A340450 | B35: 지씨지놈 | E35: -11.1 | F35: -17.7 | G35: -61.6 | H35: 25.7 | I35: -38.7 | J35: -245.5 | K35: 5560 | L35: 89839 | M35: 4.9950484 | N35: 222973.05 | O35: 0.40291416 | P35: 3.1255011 | Q35: 25.065031 | R35: 10.292407 | S35: 14.8 | T35: -0.35842294 | U35: -32.769045 | V35: 6353 | W35: 6776.5 | X35: 7433.8333 | Y35: 0 | Z35: 0 | AA35: 0 | AB35: 2502.9254 | AC35: 27.3 | AD35: 36.5 | AE35: 40.7 | AF35: 34.6 | AG35: D
A36: A474650 | B36: 링크솔루션 | E36: 3.6 | F36: 53.1 | G36: -10.4 | H36: 87.3 | I36: 166 | J36: 72.9 | K36: 42500 | L36: 57418 | M36: 24.40265 | N36: 102450.55 | O36: 0.56044599 | P36: 3.4969622 | Q36: 25.848979 | R36: 17.307185 | S36: 8.5 | T36: -2.7459954 | U36: -28.451178 | V36: 48180 | W36: 51837.5 | X36: 58299.167 | Y36: 0 | Z36: 0 | AA36: 0 | AB36: 19468.936 | AC36: 23.6 | AD36: 80.4 | AE36: 60 | AF36: 59.3 | AG36: C
A37: A475430 | B37: 키스트론 | E37: 0 | F37: -0.6 | G37: -20.5 | H37: 17.1 | I37: -20.2 | J37: 13.5 | K37: 4680 | L37: 255623 | M37: 11.963156 | N37: 1201089.9 | O37: 0.21282587 | P37: 7.5231637 | Q37: 42.873606 | R37: 20.434107 | S37: 22.4 | T37: -0.74231177 | U37: -32.951289 | V37: 5107 | W37: 5293 | X37: 4816.5 | Y37: 0 | Z37: 0 | AA37: 0 | AB37: 2216.0885 | AC37: 37.9 | AD37: 53 | AE37: 10.4 | AF37: 39.9 | AG37: D
... A55: A226590 | B55: 엠디바이스 | E55: -0.8 | F55: 16.1 | G55: -563.4 | H55: 51.1 | I55: 325.1 | J55: -29.7 | K55: 16220 | L55: 103388 | M55: 16.769534 | N55: 313871.8 | O55: 0.32939563 | P55: 6.3029158 | Q55: 29.847546 | R55: 15.062512 | S55: 14.8 | T55: 3.2463399 | U55: -44.547009 | V55: 19010 | W55: 21805 | X55: 25970.833 | Y55: 0 | Z55: 0 | AA55: 0 | AB55: 15135.383 | AC55: 34 | AD55: 63.1 | AE55: 28.9 | AF55: 47.5 | AG55: D
A56: A393970 | B56: 대진첨단소재 | E56: 0 | F56: 0 | G56: 0 | H56: 0 | I56: 0 | J56: 0 | K56: 2825 | L56: 0 | N56: 0 | P56: 0 | T56: 0 | U56: 0 | V56: 2825 | W56: 2825 | X56: 2825 | Y56: 0 | Z56: 0 | AA56: 0 | AB56: 0 | AC56: 52.7 | AD56: 54.4 | AE56: 50 | AF56: 53 | AG56: C
A57: A489500 | B57: 엘케이켐 | E57: 1.1 | F57: 19.8 | G57: 39.8 | H57: 8.8 | I57: -0.3 | J57: 288.6 | K57: 28800 | L57: 41836 | M57: 12.048768 | N57: 122324.5 | O57: 0.34200835 | P57: 4.9891087 | Q57: 37.845244 | R57: 45.422014 | S57: -7.6 | T57: -0.8605852 | U57: -18.065434 | V57: 33715 | W57: 33217.5 | X57: 33662.5 | Y57: 0 | Z57: 0 | AA57: 0 | AB57: 12009.693 | AC57: 49.2 | AD57: 71 | AE57: 29.6 | AF57: 56.2 | AG57: C
A58: A479960 | B58: 위너스 | E58: 0 | F58: 0 | G58: 2.3 | H58: 2.6 | I58: 1.1 | J58: 16.4 | K58: 7780 | L58: 16167 | M58: 1.2577926 | N58: 70197.55 | O58: 0.23030718 | P58: 4.9183503 | Q58: 27.120315 | R58: 7.0342031 | S58: 20.1 | T58: 1.1703511 | U58: -43.826715 | V58: 9017 | W58: 10223.5 | X58: 10271.5 | Y58: 0 | Z58: 0 | AA58: 0 | AB58: 6152.5899 | AC58: 27.7 | AD58: 58.4 | AE58: 11.9 | AF58: 39.9 | AG58: D
A59: A463480 | B59: 모티브링크 | E59: 0.1 | F59: -0.1 | G59: 0.1 | H59: 3.7 | I59: -19.9 | J59: -53.8 | K59: 5600 | L59: 28513 | M59: 1.596728 | N59: 122790.25 | O59: 0.23220899 | P59: 3.7903181 | Q59: 27.53459 | R59: 7.618672 | S59: 19.9 | T59: 2.003643 | U59: -38.461538 | V59: 6297 | W59: 7091 | X59: 7350.8333 | Y59: 0 | Z59: 0 | AA59: 0 | AB59: 4002.0184 | AC59: 31.9 | AD59: 52 | AE59: 12.6 | AF59: 38.1 | AG59: D
A60: A303810 | B60: 동국생명과학 | E60: 0 | F60: 0 | G60: -0.1 | H60: -3.6 | I60: -9.7 | J60: -113.5 | K60: 2890 | L60: 63265 | M60: 1.8283585 | N60: 145464.65 | O60: 0.43491666 | P60: 1.4794594 | Q60: 30.814898 | R60: 14.161621 | S60: 16.7 | T60: 0.87260035 | U60: -15.373353 | V60: 2954 | W60: 3065.25 | X60: 3288.25 | Y60: 0 | Z60: 0 | AA60: 0 | AB60: 600.12192 | AC60: 51.6 | AD60: 46.9 | AE60: 47.4 | AF60: 48.4 | AG60: D
A61: A475830 | B61: 오름테라퓨틱 | E61: 36.5 | F61: -76.3 | G61: -949.2 | H61: 222.4 | I61: 1149.7 | J61: 3960.9 | K61: 64100 | L61: 115638 | M61: 74.123958 | N61: 206970.5 | O61: 0.55871731 | P61: 4.6409356 | Q61: 33.400989 | R61: 18.730637 | S61: 14.7 | T61: 0.62794349 | U61: -31.735889 | V61: 68050 | W61: 73210 | X61: 89981.667 | Y61: 0 | Z61: 0 | AA61: 0 | AB61: 32296.234 | AC61: 40.1 | AD61: 72.4 | AE61: 59.3 | AF61: 60.1 | AG61: C
A62: A240550 | B62: 동방메디컬 | E62: -8.1 | F62: 15.1 | G62: 297.5 | H62: 4.2 | I62: -50 | J62: -285.2 | K62: 6610 | L62: 105588 | M62: 6.9793668 | N62: 305676.75 | O62: 0.34542372 | P62: 3.8826618 | Q62: 38.738334 | R62: 24.909934 | S62: 13.8 | T62: 2.3219814 | U62: -4.2028986 | V62: 7254 | W62: 7324 | X62: 6975 | Y62: 0 | Z62: 0 | AA62: 0 | AB62: 2245.197 | AC62: 66 | AD62: 46.2 | AE62: 31.1 | AF62: 49.1 | AG62: D
A63: A212710 | B63: 아이에스티이 | E63: 2.4 | F63: -56.1 | G63: -129.1 | H63: 30.1 | I63: 100.8 | J63: 724.7 | K63: 11510 | L63: 181127 | M63: 20.847718 | N63: 446054.3 | O63: 0.40606491 | P63: 6.3058541 | Q63: 54.358427 | R63: 68.363385 | S63: -14 | T63: 5.985267 | U63: 19.64657 | V63: 11717 | W63: 11163 | X63: 9030.1667 | Y63: 0 | Z63: 1 | AA63: 1 | AB63: 4249.0688 | AC63: 76.8 | AD63: 64.3 | AE63: 42.2 | AF63: 63.6 | AG63: C
A64: A064400 | B64: LG씨엔에스 | E64: -1246.3 | F64: 2297.8 | G64: 11284 | H64: -7420.8 | I64: -15354.3 | J64: -17299.3 | K64: 126400 | L64: 3325944 | M64: 4203.9932 | N64: 3921297.5 | O64: 0.84817437 | P64: 9.0699357 | Q64: 68.984488 | R64: 78.150327 | S64: -9.2 | T64: -6.853353 | U64: 91.805766 | V64: 101930 | W64: 88540 | X64: 71996.667 | Y64: 1 | Z64: 1 | AA64: 1 | AB64: 92024.198 | AC64: 71.5 | AD64: 30.7 | AE64: 82.2 | AF64: 53.2 | AG64: C
A65: A452450 | B65: 피아이이 | E65: -0.4 | F65: 0 | G65: 0.2 | H65: 13.2 | I65: 16.7 | J65: -47.7 | K65: 5080 | L65: 149600 | M65: 7.59968 | N65: 999384.8 | O65: 0.14969209 | P65: 4.6137333 | Q65: 34.822202 | R65: 64.068963 | S65: -29.2 | T65: 1.1952191 | U65: -26.589595 | V65: 5508 | W65: 6069.5 | X65: 5895.5 | Y65: 0 | Z65: 0 | AA65: 0 | AB65: 3161.145 | AC65: 48.3 | AD65: 57.1 | AE65: 5.2 | AF65: 44.1 | AG65: D
A66: A462980 | B66: 아이지넷 | E66: -1 | F66: 0.4 | G66: 5.7 | H66: -32.1 | I66: -50.8 | J66: -116.8 | K66: 1421 | L66: 316336 | M66: 4.4951346 | N66: 271172.65 | O66: 1.1665483 | P66: 3.3220863 | Q66: 23.888911 | R66: 17.14578 | S66: 6.7 | T66: -10.176991 | U66: -37.123894 | V66: 1610.6 | W66: 1828.9 | X66: 2169.8 | Y66: 0 | Z66: 0 | AA66: 0 | AB66: 1040.6815 | AC66: 7.2 | AD66: 40.5 | AE66: 93.3 | AF66: 41.1 | AG66: D
A67: A482630 | B67: 삼양엔씨켐 | E67: 6.5 | F67: -76.3 | G67: -454 | H67: 12.8 | I67: -355.5 | J67: 369.6 | K67: 15710 | L67: 414417 | M67: 65.104911 | N67: 556210.95 | O67: 0.74507163 | P67: 6.0438847 | Q67: 37.286721 | R67: 28.709542 | S67: 8.6 | T67: 6.1486486 | U67: -20.334686 | V67: 18330 | W67: 19058 | X67: 18347 | Y67: 0 | Z67: 0 | AA67: 0 | AB67: 9514.9708 | AC67: 63.4 | AD67: 45.8 | AE67: 75.6 | AF67: 57 | AG67: C
A68: A096250 | B68: 와이즈넛 | E68: -4.1 | F68: -45.5 | G68: -67.8 | H68: 15.4 | I68: 3.3 | J68: -42.4 | K68: 7890 | L68: 63814 | M68: 5.0349246 | N68: 69432.1 | O68: 0.91908498 | P68: 2.8601645 | Q68: 29.416205 | R68: 13.110655 | S68: 16.3 | T68: 3.2722513 | U68: -28.790614 | V68: 8421 | W68: 9047 | X68: 10057.667 | Y68: 0 | Z68: 0 | AA68: 0 | AB68: 3237.5195 | AC68: 46.2 | AD68: 42 | AE68: 85.9 | AF68: 52 | AG68: C
... A130: A456010 | B130: 아이씨티케이 | E130: 12.1 | F130: 12.2 | G130: -139.3 | H130: 319.6 | I130: 1076.5 | J130: 1675.5 | K130: 28150 | L130: 616584 | M130: 173.5684 | N130: 2167570 | O130: 0.28445863 | P130: 9.1631452 | Q130: 54.393106 | R130: 55.76564 | S130: -1.4 | T130: -2.5951557 | U130: 19.532909 | V130: 29285 | W130: 25559.5 | X130: 20211.333 | Y130: 0 | Z130: 1 | AA130: 1 | AB130: 19888.898 | AC130: 53.9 | AD130: 84.3 | AE130: 18.5 | AF130: 62 | AG130: C
A131: A443060 | B131: HD현대마린솔루션 | K131: 220000 | L131: 174202 | M131: 383.2444 | N131: 363030.6 | O131: 0.47985487 | P131: 5.9588149 | Q131: 46.014328 | R131: 32.289015 | S131: 13.7 | T131: -3.0837004 | U131: -18.367347 | V131: 232500 | W131: 235475 | X131: 209546.67 | Y131: 0 | Z131: 0 | AA131: 1 | AB131: 64060.744 | AC131: 44.5 | AD131: 50 | AE131: 51.1 | AF131: 48.6 | AG131: D
A132: A126730 | B132: 코칩 | K132: 22900 | L132: 373843 | M132: 85.610047 | N132: 1593358.9 | O132: 0.23462573 | P132: 9.5205974 | Q132: 51.738069 | R132: 61.14037 | S132: -9.4 | T132: -7.2874494 | U132: 4.0909091 | V132: 24495 | W132: 21609 | X132: 19773.333 | Y132: 0 | Z132: 1 | AA132: 1 | AB132: 16480.914 | AC132: 47.7 | AD132: 50 | AE132: 13.3 | AF132: 42 | AG132: D
A133: A452200 | B133: 민테크 | K133: 3035 | L133: 375812 | M133: 11.405894 | N133: 2097711.6 | O133: 0.17915332 | P133: 9.4400806 | Q133: 43.089955 | R133: 33.033667 | S133: 10.1 | T133: 2.1885522 | U133: 5.7491289 | V133: 3553.5 | W133: 3647.75 | X133: 2847 | Y133: 0 | Z133: 0 | AA133: 1 | AB133: 2263.7786 | AC133: 68.5 | AD133: 50 | AE133: 8.9 | AF133: 47.3 | AG133: D
A134: A347850 | B134: 디앤디파마텍 | K134: 94000 | L134: 1925795 | M134: 1810.2473 | N134: 1364003.4 | O134: 1.4118697 | P134: 8.1432137 | Q134: 59.719538 | R134: 48.212381 | S134: 11.5 | T134: 11.7717 | U134: 25.500668 | V134: 82730 | W134: 75585 | X134: 76581.667 | Y134: 1 | Z134: 1 | AA134: 1 | AB134: 54794.587 | AC134: 98.8 | AD134: 50 | AE134: 94.8 | AF134: 73.6 | AG134: B
A135: A412540 | B135: 제일엠앤에스 | K135: 3935 | L135: 0 | N135: 0 | P135: 0 | T135: 0 | U135: 0 | V135: 3935 | W135: 3935 | X135: 3935 | Y135: 0 | Z135: 0 | AA135: 0 | AB135: 0 | AC135: 52.7 | AD135: 50 | AE135: 50 | AF135: 50.8 | AG135: C
A136: A461030 | B136: 아이엠비디엑스 | K136: 4560 | L136: 22120 | M136: 1.008672 | N136: 69651.85 | O136: 0.3175795 | P136: 2.919439 | Q136: 23.434725 | R136: 8.5998355 | S136: 14.8 | T136: 0.66225166 | U136: -36.134454 | V136: 5015.5 | W136: 5588.75 | X136: 6411.0833 | Y136: 0 | Z136: 0 | AA136: 0 | AB136: 2871.2138 | AC136: 26.6 | AD136: 50 | AE136: 26.7 | AF136: 38.3 | AG136: D
A137: A455900 | B137: 엔젤로보틱스 | K137: 27200 | L137: 100515 | M137: 27.34008 | N137: 165047.7 | O137: 0.60900576 | P137: 5.5869587 | Q137: 46.452636 | R137: 42.794451 | S137: 3.7 | T137: -7.1672355 | U137: -9.9337748 | V137: 27385 | W137: 28087.5 | X137: 27869.167 | Y137: 0 | Z137: 0 | AA137: 0 | AB137: 6623.3638 | AC137: 44.5 | AD137: 50 | AE137: 65.2 | AF137: 51.4 | AG137: C
A138: A437730 | B138: 삼현 | K138: 47900 | L138: 201229 | M138: 96.388691 | N138: 391886 | O138: 0.51348862 | P138: 5.1966304 | Q138: 40.559012 | R138: 32.560339 | S138: 8 | T138: -1.8442623 | U138: -10.46729 | V138: 53400 | W138: 53785 | X138: 52093.333 | Y138: 0 | Z138: 0 | AA138: 0 | AB138: 13268.578 | AC138: 48.6 | AD138: 50 | AE138: 53.3 | AF138: 50.2 | AG138: C
A139: A036220 | B139: 오상헬스케어 | K139: 6850 | L139: 25363 | M139: 1.7373655 | N139: 201785.65 | O139: 0.12569278 | P139: 3.1049909 | Q139: 30.973974 | R139: 18.991937 | S139: 12 | T139: -0.58055152 | U139: -23.033708 | V139: 7210 | W139: 7915 | X139: 8809.1667 | Y139: 0 | Z139: 0 | AA139: 0 | AB139: 3329.7511 | AC139: 38.9 | AD139: 50 | AE139: 3.7 | AF139: 37.4 | AG139: D

Sheet 전체_전일자
A1: 코드 | B1: 코드명 | C1: 상장일 | D1: days_since_ipo | E1: 기관_일간 | F1: 기관_5일 | G1: 기관_20일 | H1: 외국인_일간 | I1: 외국인_5일 | J1: 외국인_20일 | K1: 현재가 | L1: 거래량 | M1: 거래대금(억) | N1: 20일평균거래량 | O1: RVOL(20) | P1: 변동성(30D) | Q1: RSI(14) | R1: 전일RSI(14) | S1: RSI변화량 | T1: 1일수익률(%) | U1: 20일수익률(%) | V1: 10일이평 | W1: 20일이평 | X1: 60일이평 | Y1: 10일선돌파 | Z1: 20일선돌파 | AA1: 60일선돌파 | AB1: BB폭 | AC1: 모멘텀스코어 | AD1: 수급스코어 | AE1: 거래량스코어 | AF1: 종합스코어 | AG1: 등급
A2: A458350 | B2: 에스팀 | E2: -0.1 | F2: -4.2 | G2: -13.4 | H2: 3.7 | I2: 12.2 | J2: 39 | K2: 5530 | L2: 40702 | M2: 2.2508206 | N2: 70708 | O2: 0.57563501 | P2: 2.4966132 | Q2: 7.307258 | R2: 5.9679061 | S2: 1.3 | T2: -2.8119508 | U2: -39.029768 | V2: 6390 | W2: 7249.5 | X2: 10586.333 | Y2: 0 | Z2: 0 | AA2: 0 | AB2: 4314.9576 | AC2: 17.5 | AD2: 53.7 | AE2: 30.4 | AF2: 38.2 | AG2: D
A3: A279570 | B3: 케이뱅크 | E3: 240.3 | F3: 1211.2 | G3: 2258.6 | H3: -63.4 | I3: -239.9 | J3: -1491.9 | K3: 5590 | L3: 1577166 | M3: 88.163579 | N3: 2297854.7 | O3: 0.68636455 | P3: 2.2139727 | Q3: 40.364261 | R3: 26.858767 | S3: 13.5 | T3: -0.17857143 | U3: -10.128617 | V3: 5557 | W3: 5661.5 | X3: 6200.1667 | Y3: 1 | Z3: 0 | AA3: 0 | AB3: 1038.1583 | AC3: 81 | AD3: 52.4 | AE3: 37.8 | AF3: 58.1 | AG3: C
A4: A490470 | B4: 세미파이브 | E4: -74.7 | F4: -81.3 | G4: -732.8 | H4: 236.9 | I4: -1472.1 | J4: -1500.4 | K4: 39500 | L4: 1032594 | M4: 407.87463 | N4: 1438503.2 | O4: 0.71782531 | P4: 6.883847 | Q4: 54.599983 | R4: 26.025712 | S4: 28.6 | T4: 2.1992238 | U4: -6.9493522 | V4: 38125 | W4: 39382.5 | X4: 33277.5 | Y4: 1 | Z4: 1 | AA4: 1 | AB4: 14616.973 | AC4: 90.7 | AD4: 27 | AE4: 43.7 | AF4: 49.4 | AG4: D
A5: A491000 | B5: 리브스메드 | E5: -172 | F5: -943 | G5: -1937.8 | H5: 99 | I5: -1058 | J5: 2455.5 | K5: 47950 | L5: 246292 | M5: 118.09701 | N5: 427429.9 | O5: 0.57621612 | P5: 6.298644 | Q5: 36.70545 | R5: 26.415546 | S5: 10.3 | T5: -4.6719682 | U5: -32.654494 | V5: 60295 | W5: 62707.5 | X5: 68557.5 | Y5: 0 | Z5: 0 | AA5: 0 | AB5: 28915.141 | AC5: 30.3 | AD5: 32.1 | AE5: 31.1 | AF5: 31.4 | AG5: D
A6: A476830 | B6: 알지노믹스 | E6: -666.5 | F6: -1189.2 | G6: -5686.3 | H6: 941.7 | I6: -690.4 | J6: 8416.4 | K6: 110900 | L6: 236799 | M6: 262.61009 | N6: 297174.4 | O6: 0.79683512 | P6: 4.7097514 | Q6: 31.768524 | R6: 19.069862 | S6: 12.7 | T6: -5.8573854 | U6: -36.952814 | V6: 131090 | W6: 145890 | X6: 178395 | Y6: 0 | Z6: 0 | AA6: 0 | AB6: 75769.834 | AC6: 17.8 | AD6: 34.3 | AE6: 55.6 | AF6: 33.6 | AG6: D
A7: A478340 | B7: 나라스페이스테크놀로지 | E7: -0.2 | F7: -1 | G7: -174.6 | H7: 42 | I7: -52.6 | J7: 32 | K7: 22150 | L7: 221529 | M7: 49.068674 | N7: 314990.8 | O7: 0.70328721 | P7: 5.4951302 | Q7: 34.001592 | R7: 28.212036 | S7: 5.8 | T7: -7.1278826 | U7: -35.043988 | V7: 27315 | W7: 29380 | X7: 35965.833 | Y7: 0 | Z7: 0 | AA7: 0 | AB7: 12939.275 | AC7: 17.9 | AD7: 49.9 | AE7: 42.2 | AF7: 38.8 | AG7: D
A8: A217590 | B8: 티엠씨 | E8: 5.8 | F8: -104.5 | G8: -1.1 | H8: 102 | I8: 205.9 | J8: 215.2 | K8: 18950 | L8: 297336 | M8: 56.345172 | N8: 591726.05 | O8: 0.50248929 | P8: 7.5467236 | Q8: 34.030874 | R8: 42.365873 | S8: -8.3 | T8: -9.5465394 | U8: -34.542314 | V8: 24970 | W8: 26972.5 | X8: 24539.667 | Y8: 0 | Z8: 0 | AA8: 0 | AB8: 15487.649 | AC8: 16.9 | AD8: 71.2 | AE8: 23.7 | AF8: 45.4 | AG8: D
A9: A464490 | B9: 쿼드메디슨 | E9: -1.6 | F9: 9.7 | G9: -8.2 | H9: 14.1 | I9: 30.9 | J9: 133.6 | K9: 8410 | L9: 88611 | M9: 7.4521851 | N9: 115005.3 | O9: 0.77049493 | P9: 3.0419549 | Q9: 24.542191 | R9: 6.9744788 | S9: 17.6 | T9: -0.70838253 | U9: -37.144993 | V9: 9594 | W9: 10616 | X9: 12978.667 | Y9: 0 | Z9: 0 | AA9: 0 | AB9: 5024.4606 | AC9: 26.8 | AD9: 65 | AE9: 51.9 | AF9: 50.9 | AG9: C
A10: A261520 | B10: 이지스 | E10: 0.1 | F10: 0 | G10: -53.1 | H10: 4.6 | I10: 8.9 | J10: 29.9 | K10: 4925 | L10: 69576 | M10: 3.426618 | N10: 74482.05 | O10: 0.93413111 | P10: 2.9703606 | Q10: 25.204251 | R10: 10.945857 | S10: 14.3 | T10: -3.4313725 | U10: -37.420584 | V10: 5604.5 | W10: 6262.25 | X10: 7817.0833 | Y10: 0 | Z10: 0 | AA10: 0 | AB10: 3257.1636 | AC10: 19.5 | AD10: 61.1 | AE10: 63.7 | AF10: 49.1 | AG10: D
A11: A950250 | B11: 테라뷰 | E11: 0.1 | F11: 0.1 | G11: -30.6 | H11: 40.5 | I11: -171 | J11: -152.8 | K11: 3410 | L11: 742199 | M11: 25.308986 | N11: 959310.6 | O11: 0.77367956 | P11: 3.8434233 | Q11: 22.206443 | R11: 10.707824 | S11: 11.5 | T11: -7.0844687 | U11: -49.630724 | V11: 4170.5 | W11: 4928 | X11: 6460.6667 | Y11: 0 | Z11: 0 | AA11: 0 | AB11: 3793.8144 | AC11: 4.2 | AD11: 52.6 | AE11: 52.6 | AF11: 38.1 | AG11: D
A12: A488900 | B12: 비츠로넥스텍 | E12: 0.5 | F12: -135.2 | G12: -459.9 | H12: 49.3 | I12: 34 | J12: 135 | K12: 12050 | L12: 113575 | M12: 13.685787 | N12: 138057.95 | O12: 0.82266179 | P12: 4.1536075 | Q12: 28.851943 | R12: 17.306434 | S12: 11.5 | T12: -3.6 | U12: -35.457954 | V12: 14506 | W12: 16299 | X12: 17843.333 | Y12: 0 | Z12: 0 | AA12: 0 | AB12: 8973.2318 | AC12: 23.8 | AD12: 60.2 | AE12: 57.8 | AF12: 48.8 | AG12: D
A13: A388210 | B13: 씨엠티엑스 | E13: 110.5 | F13: -1078.2 | G13: -4578.9 | H13: 446.5 | I13: 919.2 | J13: 1315.4 | K13: 108200 | L13: 148839 | M13: 161.0438 | N13: 126614.9 | O13: 1.1755252 | P13: 4.3556826 | Q13: 40.971718 | R13: 33.370612 | S13: 7.6 | T13: -4.9209139 | U13: -23.098792 | V13: 114240 | W13: 122125 | X13: 133943.33 | Y13: 0 | Z13: 0 | AA13: 0 | AB13: 41234.401 | AC13: 41.1 | AD13: 68 | AE13: 77.8 | AF13: 61.9 | AG13: C
... A24: A456160 | B24: 지투지바이오 | E24: -542.4 | F24: -701.9 | G24: 698.8 | H24: 519 | I24: -602.9 | J24: 451.5 | K24: 53700 | L24: 139447 | M24: 74.883039 | N24: 292731.4 | O24: 0.47636502 | P24: 4.8268948 | Q24: 32.887441 | R24: 12.69508 | S24: 20.2 | T24: -4.787234 | U24: -37.266355 | V24: 59810 | W24: 66590 | X24: 76433.333 | Y24: 0 | Z24: 0 | AA24: 0 | AB24: 34736.154 | AC24: 21.4 | AD24: 45.6 | AE24: 20 | AF24: 33.2 | AG24: D
A25: A309710 | B25: 아이티켐 | E25: 0 | F25: 0 | G25: 0 | H25: 0 | I25: 0 | J25: 0 | K25: 21000 | L25: 0 | N25: 0 | P25: 0 | Q25: 49.496106 | T25: 0 | U25: 0 | V25: 21000 | W25: 21000 | X25: 24496.667 | Y25: 0 | Z25: 0 | AA25: 0 | AB25: 0 | AC25: 67.2 | AD25: 58 | AE25: 50 | AF25: 59.2 | AG25: C
A26: A439260 | B26: 대한조선 | E26: -125.9 | F26: -315.7 | G26: -1453.3 | H26: 35 | I26: -310.4 | J26: -1086.3 | K26: 61400 | L26: 90363 | M26: 55.482882 | N26: 127306.05 | O26: 0.70980916 | P26: 2.5862324 | Q26: 27.140698 | R26: 10.216969 | S26: 16.9 | T26: -0.96774194 | U26: -31.396648 | V26: 65930 | W26: 72220 | X26: 85426.667 | Y26: 0 | Z26: 0 | AA26: 0 | AB26: 34016.368 | AC26: 32.8 | AD26: 20.8 | AE26: 43 | AF26: 28.8 | AG26: F
A27: A468530 | B27: 프로티나 | E27: -71.9 | F27: -327.2 | G27: -765.6 | H27: 148.3 | I27: 360.6 | J27: 1081.2 | K27: 36050 | L27: 113764 | M27: 41.011922 | N27: 82564.35 | O27: 1.3778828 | P27: 4.0771258 | Q27: 27.396393 | R27: 16.857031 | S27: 10.5 | T27: -5.0065876 | U27: -36.08156 | V27: 42195 | W27: 46605 | X27: 61378.333 | Y27: 0 | Z27: 0 | AA27: 0 | AB27: 22028.489 | AC27: 16.7 | AD27: 51.4 | AE27: 84.4 | AF27: 47.6 | AG27: D
A28: A475230 | B28: 엔알비 | E28: 4.1 | F28: 43.5 | G28: 10.3 | H28: 76.1 | I28: -40.7 | J28: 402.1 | K28: 12310 | L28: 120793 | M28: 14.869618 | N28: 140768.85 | O28: 0.85809467 | P28: 4.1940153 | Q28: 27.626879 | R28: 19.744582 | S28: 7.9 | T28: -6.7424242 | U28: -34.69496 | V28: 14145 | W28: 15718.5 | X28: 19740 | Y28: 0 | Z28: 0 | AA28: 0 | AB28: 7798.5615 | AC28: 15.2 | AD28: 77.2 | AE28: 59.3 | AF28: 55 | AG28: C
A29: A380550 | B29: 뉴로핏 | E29: -5.7 | F29: -3.6 | G29: -72.9 | H29: 78 | I29: 127 | J29: 124.6 | K29: 13240 | L29: 155353 | M29: 20.568737 | N29: 480317.65 | O29: 0.32343804 | P29: 4.1386828 | Q29: 31.523197 | R29: 21.625268 | S29: 9.9 | T29: -5.4285714 | U29: -34.129353 | V29: 15741 | W29: 17078 | X29: 20002.333 | Y29: 0 | Z29: 0 | AA29: 0 | AB29: 7349.5303 | AC29: 21.3 | AD29: 60.5 | AE29: 9.6 | AF29: 38.6 | AG29: D
A30: A484120 | B30: 도우인시스 | E30: -0.1 | F30: -2.6 | G30: -8.1 | H30: -4 | I30: -29.5 | J30: -107.4 | K30: 17320 | L30: 18400 | M30: 3.18688 | N30: 28874 | O30: 0.63725151 | P30: 3.7708342 | Q30: 36.769982 | R30: 17.701615 | S30: 19.1 | T30: 3.8992202 | U30: -25.344828 | V30: 18877 | W30: 20671 | X30: 20659.333 | Y30: 0 | Z30: 0 | AA30: 0 | AB30: 8607.4719 | AC30: 53.9 | AD30: 38.9 | AE30: 34.8 | AF30: 42.6 | AG30: D
A31: A331740 | B31: 아우토크립트 | E31: 82 | F31: 126.6 | G31: -197.1 | H31: -20.9 | I31: -76.4 | J31: -117.3 | K31: 12150 | L31: 110014 | M31: 13.366701 | N31: 103729.4 | O31: 1.0605865 | P31: 4.8669577 | Q31: 44.165905 | R31: 43.25613 | S31: 0.9 | T31: -11.892676 | U31: -20.275591 | V31: 12371 | W31: 12910.5 | X31: 15289.667 | Y31: 0 | Z31: 0 | AA31: 0 | AB31: 4214.4308 | AC31: 35.6 | AD31: 48.7 | AE31: 72.6 | AF31: 49.6 | AG31: D
A32: A234030 | B32: 싸이닉솔루션 | E32: 0 | F32: 6.9 | G32: 7.6 | H32: 9.8 | I32: 37.5 | J32: 35.4 | K32: 4715 | L32: 169215 | M32: 7.9784872 | N32: 214958.8 | O32: 0.78719736 | P32: 3.2687243 | Q32: 28.503675 | R32: 27.285414 | S32: 1.2 | T32: -3.6772217 | U32: -35.144429 | V32: 5314 | W32: 5977 | X32: 6709.3333 | Y32: 0 | Z32: 0 | AA32: 0 | AB32: 3290.7104 | AC32: 22.5 | AD32: 70 | AE32: 54.8 | AF32: 52.7 | AG32: C
A33: A463020 | B33: 뉴엔AI | E33: -7.8 | F33: -9.9 | G33: -27.2 | H33: -11.1 | I33: -17 | J33: -22.3 | K33: 8770 | L33: 72855 | M33: 6.3893835 | N33: 111649.95 | O33: 0.65253052 | P33: 3.8893995 | Q33: 28.518409 | R33: 24.510235 | S33: 4 | T33: -2.0111732 | U33: -40.421196 | V33: 10009 | W33: 11547.5 | X33: 12719.833 | Y33: 0 | Z33: 0 | AA33: 0 | AB33: 7752.7245 | AC33: 22.9 | AD33: 35.5 | AE33: 35.6 | AF33: 31.7 | AG33: D
A34: A388610 | B34: 지에프씨생명과학 | E34: 0 | F34: 0 | G34: -19.3 | H34: 1.5 | I34: -3.4 | J34: -33.4 | K34: 6470 | L34: 12403 | M34: 0.8024741 | N34: 24265.05 | O34: 0.51114669 | P34: 4.2595615 | Q34: 24.175609 | R34: 14.038816 | S34: 10.1 | T34: -2.7067669 | U34: -34.247967 | V34: 7353 | W34: 8192.5 | X34: 9347.6667 | Y34: 0 | Z34: 0 | AA34: 0 | AB34: 4133.2312 | AC34: 24.2 | AD34: 52.8 | AE34: 24.4 | AF34: 38.5 | AG34: D
A35: A340450 | B35: 지씨지놈 | E35: -15.8 | F35: -6.4 | G35: -48 | H35: 27.6 | I35: -82.3 | J35: -320.6 | K35: 5580 | L35: 184229 | M35: 10.279978 | N35: 237054.3 | O35: 0.77715949 | P35: 3.2064354 | Q35: 28.687696 | R35: 10.622978 | S35: 18.1 | T35: -2.2767075 | U35: -34.120425 | V35: 6491 | W35: 6912 | X35: 7464.6667 | Y35: 0 | Z35: 0 | AA35: 0 | AB35: 2566.623 | AC35: 29.2 | AD35: 37 | AE35: 53.3 | AF35: 37.9 | AG35: D
A36: A474650 | B36: 링크솔루션 | E36: 58.9 | F36: 49.5 | G36: -19.8 | H36: 18.3 | I36: 96.6 | J36: -143.9 | K36: 43700 | L36: 75558 | M36: 33.018846 | N36: 102714.1 | O36: 0.73561468 | P36: 3.5362804 | Q36: 32.002587 | R36: 20.290544 | S36: 11.7 | T36: -7.0212766 | U36: -26.430976 | V36: 48865 | W36: 52682.5 | X36: 58832.5 | Y36: 0 | Z36: 0 | AA36: 0 | AB36: 18486.556 | AC36: 24.2 | AD36: 71.6 | AE36: 46.7 | AF36: 52.4 | AG36: C
A37: A475430 | B37: 키스트론 | E37: 0 | F37: -0.6 | G37: -21.2 | H37: 8.1 | I37: 2.4 | J37: 70.1 | K37: 4715 | L37: 351864 | M37: 16.590388 | N37: 1777450.3 | O37: 0.19795997 | P37: 7.5277466 | Q37: 44.198035 | R37: 21.327995 | S37: 22.9 | T37: -4.1666667 | U37: -19.539249 | V37: 5108 | W37: 5408 | X37: 4810.5 | Y37: 0 | Z37: 0 | AA37: 0 | AB37: 2601.6303 | AC37: 47.7 | AD37: 57.9 | AE37: 2.2 | AF37: 43.7 | AG37: D
... A55: A226590 | B55: 엠디바이스 | E55: -2.8 | F55: 16.9 | G55: -616.1 | H55: 57.3 | I55: 218.3 | J55: 264.1 | K55: 15710 | L55: 180666 | M55: 28.382629 | N55: 336789.9 | O55: 0.53643533 | P55: 6.2367151 | Q55: 31.315302 | R55: 15.51615 | S55: 15.8 | T55: -3.2635468 | U55: -44.97373 | V55: 19478 | W55: 22456.5 | X55: 26156.333 | Y55: 0 | Z55: 0 | AA55: 0 | AB55: 15567.282 | AC55: 21.2 | AD55: 66 | AE55: 25.2 | AF55: 44.4 | AG55: D
A56: A393970 | B56: 대진첨단소재 | E56: 0 | F56: 0 | G56: 0 | H56: 0 | I56: 0 | J56: 0 | K56: 2825 | L56: 0 | N56: 0 | P56: 0 | Q56: 100 | T56: 0 | U56: 0 | V56: 2825 | W56: 2825 | X56: 2825 | Y56: 0 | Z56: 0 | AA56: 0 | AB56: 0 | AC56: 69.6 | AD56: 58 | AE56: 50 | AF56: 59.9 | AG56: C
A57: A489500 | B57: 엘케이켐 | E57: 15.4 | F57: 17.9 | G57: 38.8 | H57: -26.7 | I57: -127.5 | J57: 250.3 | K57: 29050 | L57: 85395 | M57: 24.807247 | N57: 125373.6 | O57: 0.68112426 | P57: 4.9887617 | Q57: 40.545006 | R57: 48.83168 | S57: -8.3 | T57: -5.0653595 | U57: -15.918958 | V57: 33845 | W57: 33535 | X57: 33782.5 | Y57: 0 | Z57: 0 | AA57: 0 | AB57: 11368.673 | AC57: 45.8 | AD57: 58.9 | AE57: 36.3 | AF57: 50.4 | AG57: C
A58: A479960 | B58: 위너스 | E58: 0 | F58: 0 | G58: 2.4 | H58: -7.2 | I58: -4.8 | J58: 14.1 | K58: 7690 | L58: 33481 | M58: 2.5746889 | N58: 161919.4 | O58: 0.20677572 | P58: 4.9056718 | Q58: 28.69905 | R58: 7.5618794 | S58: 21.1 | T58: -5.875153 | U58: -34.88569 | V58: 9246 | W58: 10527 | X58: 10296.833 | Y58: 0 | Z58: 0 | AA58: 0 | AB58: 6507.6874 | AC58: 18.1 | AD58: 54.1 | AE58: 3 | AF58: 33.1 | AG58: D
A59: A463480 | B59: 모티브링크 | E59: 0 | F59: 0 | G59: 0 | H59: -5.4 | I59: -30.4 | J59: -109 | K59: 5490 | L59: 55679 | M59: 3.0567771 | N59: 163394.5 | O59: 0.34076422 | P59: 3.7518913 | Q59: 28.781323 | R59: 8.0149071 | S59: 20.8 | T59: -3.3450704 | U59: -37.041284 | V59: 6428 | W59: 7266 | X59: 7378.5 | Y59: 0 | Z59: 0 | AA59: 0 | AB59: 4126.3905 | AC59: 23.4 | AD59: 46.1 | AE59: 12.6 | AF59: 32.6 | AG59: D
A60: A303810 | B60: 동국생명과학 | E60: 0 | F60: 0 | G60: -0.2 | H60: 0.7 | I60: -24.1 | J60: -111.9 | K60: 2865 | L60: 150018 | M60: 4.2980157 | N60: 149016.05 | O60: 1.0067238 | P60: 1.4591161 | Q60: 34.597327 | R60: 9.699514 | S60: 24.9 | T60: 1.4159292 | U60: -17.196532 | V60: 2967.5 | W60: 3091.5 | X60: 3299.25 | Y60: 0 | Z60: 0 | AA60: 0 | AB60: 652.44802 | AC60: 56.2 | AD60: 49.2 | AE60: 68.9 | AF60: 55.2 | AG60: C
A61: A475830 | B61: 오름테라퓨틱 | E61: -10.5 | F61: -40.5 | G61: -848.9 | H61: 496.9 | I61: 574.8 | J61: 3648.8 | K61: 63700 | L61: 170121 | M61: 108.36708 | N61: 211348.75 | O61: 0.80493024 | P61: 4.6389698 | Q61: 37.061807 | R61: 18.730637 | S61: 18.3 | T61: 0 | U61: -27.777778 | V61: 67930 | W61: 74700 | X61: 90868.333 | Y61: 0 | Z61: 0 | AA61: 0 | AB61: 36003.509 | AC61: 46.2 | AD61: 60.5 | AE61: 56.3 | AF61: 55.4 | AG61: C
A62: A240550 | B62: 동방메디컬 | E62: 14.1 | F62: 16.8 | G62: 304.9 | H62: 7.2 | I62: -122.2 | J62: -271.5 | K62: 6460 | L62: 147814 | M62: 9.5487844 | N62: 304899.15 | O62: 0.48479637 | P62: 3.8569005 | Q62: 38.344637 | R62: 26.46529 | S62: 11.9 | T62: -3.2934132 | U62: -7.5822604 | V62: 7383 | W62: 7338.5 | X62: 6982.1667 | Y62: 0 | Z62: 0 | AA62: 0 | AB62: 2181.6179 | AC62: 52.6 | AD62: 60.5 | AE62: 22.2 | AF62: 50.5 | AG62: C
A63: A212710 | B63: 아이에스티이 | E63: -0.4 | F63: -59.9 | G63: -131.4 | H63: 37.2 | I63: 93.6 | J63: 705.1 | K63: 10860 | L63: 248625 | M63: 27.000675 | N63: 452624.65 | O63: 0.5492962 | P63: 6.2437149 | Q63: 52.298068 | R63: 72.729561 | S63: -20.4 | T63: -6.5404475 | U63: 18.948521 | V63: 11680 | W63: 11068.5 | X63: 8977.8333 | Y63: 0 | Z63: 0 | AA63: 1 | AB63: 4450.5853 | AC63: 53.2 | AD63: 57.7 | AE63: 27.4 | AF63: 50.3 | AG63: C
A64: A064400 | B64: LG씨엔에스 | E64: 501.8 | F64: 4539.1 | G64: 12349.5 | H64: -11982.8 | I64: -8865 | J64: -10454.1 | K64: 135700 | L64: 7085039 | M64: 9614.3979 | N64: 3773866.4 | O64: 1.8773953 | P64: 8.9256957 | Q64: 76.450744 | R64: 84.953257 | S64: -8.5 | T64: -5.5671538 | U64: 108.76923 | V64: 96770 | W64: 85515 | X64: 70971.667 | Y64: 1 | Z64: 1 | AA64: 1 | AB64: 86826.945 | AC64: 76.8 | AD64: 50.4 | AE64: 94.8 | AF64: 67.2 | AG64: B
A65: A452450 | B65: 피아이이 | E65: 0.4 | F65: 0.5 | G65: 0.7 | H65: 1.2 | I65: 7.5 | J65: -47.2 | K65: 5020 | L65: 405012 | M65: 20.331602 | N65: 1014758.2 | O65: 0.39912166 | P65: 4.6266295 | Q65: 36.270053 | R65: 65.332418 | S65: -29.1 | T65: -1.953125 | U65: -27.351664 | V65: 5574 | W65: 6161.5 | X65: 5903.5 | Y65: 0 | Z65: 0 | AA65: 0 | AB65: 3104.0151 | AC65: 41.8 | AD65: 63.4 | AE65: 14.8 | AF65: 47.2 | AG65: D
A66: A462980 | B66: 아이지넷 | E66: 0.4 | F66: 1.5 | G66: 8.4 | H66: -14 | I66: -36.4 | J66: -81.7 | K66: 1582 | L66: 2187653 | M66: 34.60867 | N66: 260962.05 | O66: 8.3830312 | P66: 3.0067199 | Q66: 30.988831 | R66: 9.8307135 | S66: 21.2 | T66: 5.4666667 | U66: -31.663067 | V66: 1650.1 | W66: 1870.85 | X66: 2184.5333 | Y66: 0 | Z66: 0 | AA66: 0 | AB66: 1034.2971 | AC66: 43.7 | AD66: 52.1 | AE66: 100 | AF66: 59.2 | AG66: C
A67: A482630 | B67: 삼양엔씨켐 | E67: -39.1 | F67: -72.1 | G67: -473.9 | H67: 14.9 | I67: -445.6 | J67: 402 | K67: 14800 | L67: 270315 | M67: 40.00662 | N67: 544406.3 | O67: 0.49653173 | P67: 5.9074822 | Q67: 35.109463 | R67: 29.478548 | S67: 5.6 | T67: -1.986755 | U67: -23.395445 | V67: 18642 | W67: 19258.5 | X67: 18404.333 | Y67: 0 | Z67: 0 | AA67: 0 | AB67: 8988.1819 | AC67: 44.2 | AD67: 34.8 | AE67: 23 | AF67: 35.3 | AG67: D
A68: A096250 | B68: 와이즈넛 | E68: -19.1 | F68: -42.9 | G68: -64.3 | H68: -11 | I68: -18.1 | J68: -50.5 | K68: 7640 | L68: 104214 | M68: 7.9619496 | N68: 68264.1 | O68: 1.5266297 | P68: 2.7422952 | Q68: 27.973733 | R68: 14.198761 | S68: 13.8 | T68: -4.2606516 | U68: -31.479821 | V68: 8534 | W68: 9206.5 | X68: 10092.667 | Y68: 0 | Z68: 0 | AA68: 0 | AB68: 3522.2547 | AC68: 24.7 | AD68: 29.8 | AE68: 88.9 | AF68: 40.1 | AG68: D
... A130: A456010 | B130: 아이씨티케이 | E130: -16.2 | F130: 9.2 | G130: -151.4 | H130: 573.2 | I130: 1436.5 | J130: 1250.6 | K130: 28900 | L130: 1321486 | M130: 381.90945 | N130: 2165263.6 | O130: 0.61031182 | P130: 9.8487212 | Q130: 56.783225 | R130: 59.118115 | S130: -2.3 | T130: -5.090312 | U130: 28.159645 | V130: 29015 | W130: 25329.5 | X130: 19997.667 | Y130: 0 | Z130: 1 | AA130: 1 | AB130: 19809.763 | AC130: 56.9 | AD130: 72.1 | AE130: 32.6 | AF130: 59.6 | AG130: C
A131: A443060 | B131: HD현대마린솔루션 | K131: 227000 | L131: 255848 | M131: 580.77496 | N131: 364740.2 | O131: 0.70145271 | P131: 5.9444114 | Q131: 49.532123 | R131: 33.795393 | S131: 15.7 | T131: -2.5751073 | U131: -14.500942 | V131: 232300 | W131: 237950 | X131: 208696.67 | Y131: 0 | Z131: 0 | AA131: 1 | AB131: 69093.072 | AC131: 56.5 | AD131: 50 | AE131: 40.7 | AF131: 50.1 | AG131: C
A132: A126730 | B132: 코칩 | K132: 24700 | L132: 713801 | M132: 176.30885 | N132: 1614588 | O132: 0.44209483 | P132: 9.4170401 | Q132: 58.006639 | R132: 62.601065 | S132: -4.6 | T132: -1.984127 | U132: 17.899761 | V132: 23760 | W132: 21564 | X132: 19712 | Y132: 1 | Z132: 1 | AA132: 1 | AB132: 16441.157 | AC132: 85.7 | AD132: 50 | AE132: 17 | AF132: 54.1 | AG132: C
A133: A452200 | B133: 민테크 | K133: 2970 | L133: 514973 | M133: 15.294698 | N133: 2090599.6 | O133: 0.24632789 | P133: 9.4367078 | Q133: 42.747715 | R133: 35.461033 | S133: 7.3 | T133: -6.8965517 | U133: 7.4141049 | V133: 3595.5 | W133: 3639.5 | X133: 2833.3333 | Y133: 0 | Z133: 0 | AA133: 1 | AB133: 2305.8087 | AC133: 47.7 | AD133: 50 | AE133: 3.7 | AF133: 40.1 | AG133: D
A134: A347850 | B134: 디앤디파마텍 | K134: 84100 | L134: 2284744 | M134: 1921.4697 | N134: 1278959.4 | O134: 1.7864085 | P134: 7.9099848 | Q134: 55.839381 | R134: 47.530014 | S134: 8.3 | T134: 1.2033694 | U134: 13.342318 | V134: 79430 | W134: 74630 | X134: 76413.333 | Y134: 1 | Z134: 1 | AA134: 1 | AB134: 51979.931 | AC134: 92 | AD134: 50 | AE134: 94.1 | AF134: 71.4 | AG134: B
A135: A412540 | B135: 제일엠앤에스 | K135: 3935 | L135: 0 | N135: 0 | P135: 0 | T135: 0 | U135: 0 | V135: 3935 | W135: 3935 | X135: 3935 | Y135: 0 | Z135: 0 | AA135: 0 | AB135: 0 | AC135: 59.6 | AD135: 50 | AE135: 50 | AF135: 52.9 | AG135: C
A136: A461030 | B136: 아이엠비디엑스 | K136: 4530 | L136: 71254 | M136: 3.2278062 | N136: 71217.55 | O136: 1.0005118 | P136: 2.9358384 | Q136: 27.028177 | R136: 8.3097731 | S136: 18.7 | T136: 0.22123894 | U136: -34.913793 | V136: 5103.5 | W136: 5717.75 | X136: 6449.25 | Y136: 0 | Z136: 0 | AA136: 0 | AB136: 3016.4215 | AC136: 32.2 | AD136: 50 | AE136: 68.1 | AF136: 48.3 | AG136: D
A137: A455900 | B137: 엔젤로보틱스 | K137: 29300 | L137: 394930 | M137: 115.71449 | N137: 163425.15 | O137: 2.4165803 | P137: 5.428131 | Q137: 54.700501 | R137: 48.59338 | S137: 6.1 | T137: -7.278481 | U137: -3.4596376 | V137: 27345 | W137: 28237.5 | X137: 27900 | Y137: 1 | Z137: 1 | AA137: 1 | AB137: 6825.3012 | AC137: 68.2 | AD137: 50 | AE137: 96.3 | AF137: 64.7 | AG137: C
A138: A437730 | B138: 삼현 | K138: 48800 | L138: 288401 | M138: 140.73969 | N138: 390857.75 | O138: 0.73786691 | P138: 5.1864834 | Q138: 44.482271 | R138: 35.714226 | S138: 8.8 | T138: -6.1538462 | U138: -8.7850467 | V138: 54240 | W138: 54065 | X138: 52233.333 | Y138: 0 | Z138: 0 | AA138: 0 | AB138: 12068.07 | AC138: 48.1 | AD138: 50 | AE138: 47.4 | AF138: 48.9 | AG138: D
A139: A036220 | B139: 오상헬스케어 | K139: 6890 | L139: 66002 | M139: 4.5475378 | N139: 202486.75 | O139: 0.32595713 | P139: 5.9016401 | Q139: 34.969355 | R139: 15.514369 | S139: 19.5 | T139: 2.3774146 | U139: -24.035281 | V139: 7307 | W139: 8017.5 | X139: 8867 | Y139: 0 | Z139: 0 | AA139: 0 | AB139: 3282.1014 | AC139: 52.2 | AD139: 50 | AE139: 10.4 | AF139: 42.7 | AG139: D

Sheet RSI과매도
A1: 코드 | B1: 코드명 | C1: 상장일 | D1: days_since_ipo | E1: 기관_일간 | F1: 기관_5일 | G1: 기관_20일 | H1: 외국인_일간 | I1: 외국인_5일 | J1: 외국인_20일 | K1: 현재가 | L1: 거래량 | M1: 거래대금(억) | N1: 20일평균거래량 | O1: RVOL(20) | P1: 변동성(30D) | Q1: RSI(14) | R1: 전일RSI(14) | S1: RSI변화량 | T1: 1일수익률(%) | U1: 20일수익률(%) | V1: 10일이평 | W1: 20일이평 | X1: 60일이평 | Y1: 10일선돌파 | Z1: 20일선돌파 | AA1: 60일선돌파 | AB1: BB폭 | AC1: 모멘텀스코어 | AD1: 수급스코어 | AE1: 거래량스코어 | AF1: 종합스코어 | AG1: 등급
A2: A458350 | B2: 에스팀 | E2: 0.2 | F2: -3.7 | G2: -7.1 | H2: 10.5 | I2: 22 | J2: 28.1 | K2: 5590 | L2: 16455 | M2: 0.9198345 | N2: 66784.85 | O2: 0.24638822 | P2: 2.5403041 | Q2: 8.4920043 | R2: 5.5523594 | S2: 2.9 | T2: 1.084991 | U2: -38.163717 | V2: 6232 | W2: 7077 | X2: 10112.833 | Y2: 0 | Z2: 0 | AA2: 0 | AB2: 4211.545 | AC2: 24.5 | AD2: 60.8 | AE2: 16.3 | AF2: 41 | AG2: D
A3: A475560 | B3: 더본코리아 | E3: -1 | F3: -1 | G3: -28.6 | H3: 15.6 | I3: 16 | J3: -11.6 | K3: 16010 | L3: 14985 | M3: 2.3990985 | N3: 19708.25 | O3: 0.76034148 | P3: 1.3434636 | Q3: 12.158801 | R3: 7.3971403 | S3: 4.8 | T3: -2.0195838 | U3: -23.213429 | V3: 17400 | W3: 18460 | X3: 20284.167 | Y3: 0 | Z3: 0 | AA3: 0 | AB3: 5255.3812 | AC3: 24.9 | AD3: 52.6 | AE3: 76.3 | AF3: 49 | AG3: D
A4: A464490 | B4: 쿼드메디슨 | E4: -1.8 | F4: 13.1 | G4: -23.7 | H4: 13.5 | I4: 58.8 | J4: 162.1 | K4: 8210 | L4: 55389 | M4: 4.5474369 | N4: 109949.95 | O4: 0.50376558 | P4: 3.0455665 | Q4: 17.772058 | R4: 6.8982911 | S4: 10.9 | T4: -2.3781213 | U4: -36.748844 | V4: 9384 | W4: 10377.5 | X4: 12845.167 | Y4: 0 | Z4: 0 | AA4: 0 | AB4: 4945.2902 | AC4: 11.1 | AD4: 62.8 | AE4: 52.6 | AF4: 45.2 | AG4: D
A5: A176750 | B5: 듀켐바이오 | E5: -2.4 | F5: -2.4 | G5: -8.1 | H5: 4 | I5: 9.4 | J5: -21 | K5: 6320 | L5: 8196 | M5: 0.5179872 | N5: 41741.75 | O5: 0.19635018 | P5: 2.8825128 | Q5: 17.805298 | R5: 13.144412 | S5: 4.7 | T5: -0.94043887 | U5: -29.542921 | V5: 7139 | W5: 7902 | X5: 8779.8333 | Y5: 0 | Z5: 0 | AA5: 0 | AB5: 3783.8349 | AC5: 24.3 | AD5: 47.4 | AE5: 9.6 | AF5: 32.9 | AG5: D
A6: A431190 | B6: 케이쓰리아이 | E6: -0.2 | F6: 0 | G6: 0 | H6: 5.4 | I6: 9.3 | J6: 17.4 | K6: 2890 | L6: 26515 | M6: 0.7662835 | N6: 47964.2 | O6: 0.55280814 | P6: 3.1764 | Q6: 18.543812 | R6: 10.120646 | S6: 8.4 | T6: 0.34722222 | U6: -38.181818 | V6: 3525 | W6: 3893 | X6: 4181.0833 | Y6: 0 | Z6: 0 | AA6: 0 | AB6: 2044.0352 | AC6: 21.8 | AD6: 57.9 | AE6: 57.8 | AF6: 47.1 | AG6: D
A7: A476040 | B7: 오가노이드사이언스 | E7: -20.7 | F7: -30.4 | G7: -75.1 | H7: 47.1 | I7: 147.8 | J7: 280.7 | K7: 13350 | L7: 42205 | M7: 5.6343675 | N7: 70096.8 | O7: 0.60209596 | P7: 3.0096672 | Q7: 19.192031 | R7: 9.51185 | S7: 9.7 | T7: -3.1907179 | U7: -39.318182 | V7: 15463 | W7: 17023 | X7: 21818.5 | Y7: 0 | Z7: 0 | AA7: 0 | AB7: 8603.7945 | AC7: 6.9 | AD7: 54.3 | AE7: 64.4 | AF7: 42.1 | AG7: D
A8: A199480 | B8: 뱅크웨어글로벌 | E8: 0 | F8: 0 | G8: 0 | H8: -0.9 | I8: -6.6 | J8: -20.6 | K8: 3760 | L8: 17125 | M8: 0.6439 | N8: 43528.15 | O8: 0.39342357 | P8: 1.8124204 | Q8: 20.603331 | R8: 11.970779 | S8: 8.6 | T8: -1.4416776 | U8: -25.396825 | V8: 4042.5 | W8: 4312.25 | X8: 4636.1667 | Y8: 0 | Z8: 0 | AA8: 0 | AB8: 1418.1749 | AC8: 27.1 | AD8: 51.8 | AE8: 39.3 | AF8: 41.9 | AG8: D
A9: A481070 | B9: 에이유브랜즈 | E9: -12.1 | F9: -88.2 | G9: -199.6 | H9: 20.4 | I9: 44.8 | J9: 12.1 | K9: 12420 | L9: 101612 | M9: 12.62021 | N9: 32942.15 | O9: 3.0845588 | P9: 2.8264106 | Q9: 20.718429 | R9: 10.598447 | S9: 10.1 | T9: -1.5067407 | U9: -30.769231 | V9: 14135 | W9: 15573 | X9: 17103.167 | Y9: 0 | Z9: 0 | AA9: 0 | AB9: 6714.2971 | AC9: 21.4 | AD9: 44.6 | AE9: 98.5 | AF9: 48.4 | AG9: D
A10: A308430 | B10: 셀비온 | E10: 4 | F10: 1.5 | G10: 151.7 | H10: 41.9 | I10: 171.1 | J10: -22.8 | K10: 19170 | L10: 76639 | M10: 14.691696 | N10: 120909.9 | O10: 0.63385215 | P10: 4.2977395 | Q10: 20.82335 | R10: 4.304378 | S10: 16.5 | T10: -1.185567 | U10: -46.675939 | V10: 22562 | W10: 25331 | X10: 29544.5 | Y10: 0 | Z10: 0 | AA10: 0 | AB10: 14096.814 | AC10: 12 | AD10: 78.5 | AE10: 68.9 | AF10: 56.6 | AG10: C
A11: A950250 | B11: 테라뷰 | E11: -0.1 | F11: -0.1 | G11: -30.7 | H11: 82.7 | I11: -78.9 | J11: -47.9 | K11: 3540 | L11: 442471 | M11: 15.663473 | N11: 959401.55 | O11: 0.46119479 | P11: 4.0061721 | Q11: 21.718503 | R11: 9.8048533 | S11: 11.9 | T11: 3.8123167 | U11: -46.766917 | V11: 4081.5 | W11: 4772.5 | X11: 6407.6667 | Y11: 0 | Z11: 0 | AA11: 0 | AB11: 3620.9188 | AC11: 28 | AD11: 49.8 | AE11: 50.4 | AF11: 43.4 | AG11: D
A12: A261520 | B12: 이지스 | E12: 0 | F12: -0.1 | G12: -52.9 | H12: 9.5 | I12: 23.9 | J12: 53.9 | K12: 4975 | L12: 32529 | M12: 1.6183178 | N12: 73545.9 | O12: 0.44229522 | P12: 3.0055473 | Q12: 21.732463 | R12: 10.421199 | S12: 11.3 | T12: 1.0152284 | U12: -36.217949 | V12: 5501 | W12: 6121 | X12: 7748.3333 | Y12: 0 | Z12: 0 | AA12: 0 | AB12: 3110.8137 | AC12: 27 | AD12: 58.3 | AE12: 48.9 | AF12: 47 | AG12: D
A13: A475230 | B13: 엔알비 | E13: 17.7 | F13: 55.6 | G13: 40.4 | H13: 23.1 | I13: 53.9 | J13: 426.1 | K13: 11870 | L13: 41182 | M13: 4.8883034 | N13: 139724.45 | O13: 0.29473725 | P13: 4.1186128 | Q13: 22.27623 | R13: 17.640194 | S13: 4.6 | T13: -3.5743298 | U13: -37.029178 | V13: 13866 | W13: 15369.5 | X13: 19521.167 | Y13: 0 | Z13: 0 | AA13: 0 | AB13: 7936.0335 | AC13: 8.7 | AD13: 82.4 | AE13: 20.7 | AF13: 48 | AG13: D
A14: A484870 | B14: 엠앤씨솔루션 | E14: -133 | F14: -374.5 | G14: -657.1 | H14: 78.5 | I14: 153.8 | J14: -89 | K14: 68500 | L14: 21832 | M14: 14.95492 | N14: 24885.65 | O14: 0.87729274 | P14: 3.6344767 | Q14: 22.733253 | R14: 12.56011 | S14: 10.2 | T14: 1.6320475 | U14: -40.174672 | V14: 77370 | W14: 89035 | X14: 106091.67 | Y14: 0 | Z14: 0 | AA14: 0 | AB14: 57590.39 | AC14: 26.1 | AD14: 39.5 | AE14: 83.7 | AF14: 44.3 | AG14: D
A15: A461030 | B15: 아이엠비디엑스 | K15: 4560 | L15: 22120 | M15: 1.008672 | N15: 69651.85 | O15: 0.3175795 | P15: 2.919439 | Q15: 23.434725 | R15: 8.5998355 | S15: 14.8 | T15: 0.66225166 | U15: -36.134454 | V15: 5015.5 | W15: 5588.75 | X15: 6411.0833 | Y15: 0 | Z15: 0 | AA15: 0 | AB15: 2871.2138 | AC15: 26.6 | AD15: 50 | AE15: 26.7 | AF15: 38.3 | AG15: D
A16: A484590 | B16: 삼양컴텍 | E16: -68.1 | F16: -135.2 | G16: -237.9 | H16: 97 | I16: 105.1 | J16: -164.3 | K16: 7910 | L16: 109946 | M16: 8.6967286 | N16: 194110.6 | O16: 0.56640905 | P16: 4.2445118 | Q16: 23.564328 | R16: 12.044008 | S16: 11.5 | T16: 1.2804097 | U16: -38.824439 | V16: 9006 | W16: 10070.5 | X16: 11756.333 | Y16: 0 | Z16: 0 | AA16: 0 | AB16: 5472.3723 | AC16: 26.6 | AD16: 42.6 | AE16: 60.7 | AF16: 41.4 | AG16: D
A17: A317450 | B17: 명인제약 | E17: -4.5 | F17: -44.8 | G17: -328.5 | H17: 44.4 | I17: -11.9 | J17: -100.9 | K17: 44600 | L17: 18823 | M17: 8.395058 | N17: 24542.65 | O17: 0.76695059 | P17: 1.7400095 | Q17: 23.653898 | R17: 14.392213 | S17: 9.3 | T17: -1.870187 | U17: -20.357143 | V17: 47875 | W17: 50102.5 | X17: 54657.5 | Y17: 0 | Z17: 0 | AA17: 0 | AB17: 11544.6 | AC17: 30.2 | AD17: 39.3 | AE17: 77 | AF17: 44.1 | AG17: D
A18: A450950 | B18: 아스테라시스 | E18: 0.8 | F18: 3 | G18: 27.4 | H18: 18.8 | I18: 25.7 | J18: 63.2 | K18: 8090 | L18: 50738 | M18: 4.1047042 | N18: 62348 | O18: 0.81378713 | P18: 2.5915539 | Q18: 23.741348 | R18: 13.38117 | S18: 10.4 | T18: -0.36945813 | U18: -29.344978 | V18: 8868 | W18: 9611.5 | X18: 10765.833 | Y18: 0 | Z18: 0 | AA18: 0 | AB18: 3820.7252 | AC18: 28.8 | AD18: 74.6 | AE18: 80 | AF18: 61.9 | AG18: C
A19: A462980 | B19: 아이지넷 | E19: -1 | F19: 0.4 | G19: 5.7 | H19: -32.1 | I19: -50.8 | J19: -116.8 | K19: 1421 | L19: 316336 | M19: 4.4951346 | N19: 271172.65 | O19: 1.1665483 | P19: 3.3220863 | Q19: 23.888911 | R19: 17.14578 | S19: 6.7 | T19: -10.176991 | U19: -37.123894 | V19: 1610.6 | W19: 1828.9 | X19: 2169.8 | Y19: 0 | Z19: 0 | AA19: 0 | AB19: 1040.6815 | AC19: 7.2 | AD19: 40.5 | AE19: 93.3 | AF19: 41.1 | AG19: D
A20: A475460 | B20: 미트박스 | E20: 0 | F20: 0 | G20: -0.2 | H20: 2.2 | I20: -9.2 | J20: -39.5 | K20: 6480 | L20: 11482 | M20: 0.7440336 | N20: 22296.7 | O20: 0.5149641 | P20: 2.1537256 | Q20: 24.34349 | R20: 14.020678 | S20: 10.3 | T20: 0.15455951 | U20: -21.644498 | V20: 7179 | W20: 7605.5 | X20: 7805.1667 | Y20: 0 | Z20: 0 | AA20: 0 | AB20: 2373.4133 | AC20: 38.5 | AD20: 51.5 | AE20: 54.1 | AF20: 48.1 | AG20: D
A21: A289930 | B21: 웨이비스 | E21: -0.4 | F21: -10 | G21: -207.2 | H21: 47.2 | I21: 103 | J21: 127.7 | K21: 11860 | L21: 122866 | M21: 14.571908 | N21: 296817.25 | O21: 0.41394494 | P21: 4.4593817 | Q21: 24.34465 | R21: 3.3783033 | S21: 21 | T21: 2.2413793 | U21: -45.844749 | V21: 13184 | W21: 15164.5 | X21: 17935 | Y21: 0 | Z21: 0 | AA21: 0 | AB21: 10868.248 | AC21: 27.5 | AD21: 59.5 | AE21: 43 | AF21: 46.6 | AG21: D
A22: A234030 | B22: 싸이닉솔루션 | E22: -3.7 | F22: 1 | G22: 4.2 | H22: 18.9 | I22: 65.3 | J22: 50.5 | K22: 4735 | L22: 123166 | M22: 5.8319101 | N22: 212306.45 | O22: 0.5801331 | P22: 3.2796983 | Q22: 24.553169 | R22: 25.272101 | S22: -0.7 | T22: 0.42417815 | U22: -35.840108 | V22: 5242.5 | W22: 5844.75 | X22: 6665.4167 | Y22: 0 | Z22: 0 | AA22: 0 | AB22: 3189.9215 | AC22: 27.2 | AD22: 65.6 | AE22: 62.2 | AF22: 53.4 | AG22: C
A23: A287840 | B23: 인투셀 | E23: 8.1 | F23: 75.9 | G23: 314.5 | H23: -9.2 | I23: 188.6 | J23: 488 | K23: 26400 | L23: 45850 | M23: 12.1044 | N23: 84577.85 | O23: 0.54210411 | P23: 2.8594773 | Q23: 24.577585 | R23: 14.262795 | S23: 10.3 | T23: -1.4925373 | U23: -25.946704 | V23: 28900 | W23: 30922.5 | X23: 38566.667 | Y23: 0 | Z23: 0 | AA23: 0 | AB23: 10803.601 | AC23: 28.7 | AD23: 74.3 | AE23: 57 | AF23: 57.2 | AG23: C
A24: A488900 | B24: 비츠로넥스텍 | E24: 0.1 | F24: -55.2 | G24: -441.8 | H24: 39.2 | I24: 43.5 | J24: 171.2 | K24: 11900 | L24: 94640 | M24: 11.26216 | N24: 137889 | O24: 0.68634916 | P24: 3.8624689 | Q24: 24.702113 | R24: 16.278417 | S24: 8.4 | T24: -1.2448133 | U24: -38.691396 | V24: 14056 | W24: 15923.5 | X24: 17755 | Y24: 0 | Z24: 0 | AA24: 0 | AB24: 9289.2266 | AC24: 16 | AD24: 58.7 | AE24: 72.6 | AF24: 48.7 | AG24: D
A25: A494120 | B25: 큐리오시스 | E25: -30.6 | F25: -207.1 | G25: -1338.2 | H25: 78.6 | I25: 628 | J25: 571.8 | K25: 30300 | L25: 50453 | M25: 15.287259 | N25: 119294.6 | O25: 0.42292778 | P25: 5.5796442 | Q25: 25.016447 | R25: 16.704291 | S25: 8.3 | T25: 1.1686144 | U25: -39.520958 | V25: 36705 | W25: 43062.5 | X25: 54407.5 | Y25: 0 | Z25: 0 | AA25: 0 | AB25: 32264.426 | AC25: 26.6 | AD25: 51.5 | AE25: 45.2 | AF25: 42.8 | AG25: D
A26: A481850 | B26: 신한글로벌액티브리츠 | E26: 0.6 | F26: -4 | G26: -8.6 | H26: -0.6 | I26: -4.7 | J26: -20.7 | K26: 923 | L26: 64435 | M26: 0.59473505 | N26: 101027.15 | O26: 0.63779885 | P26: 1.9202047 | Q26: 25.0358 | R26: 16.575252 | S26: 8.5 | T26: -0.10822511 | U26: -17.882562 | V26: 961.2 | W26: 997.85 | X26: 1081.1833 | Y26: 0 | Z26: 0 | AA26: 0 | AB26: 234.5855 | AC26: 41.1 | AD26: 49.3 | AE26: 70.4 | AF26: 51.1 | AG26: C
A27: A340450 | B27: 지씨지놈 | E27: -11.1 | F27: -17.7 | G27: -61.6 | H27: 25.7 | I27: -38.7 | J27: -245.5 | K27: 5560 | L27: 89839 | M27: 4.9950484 | N27: 222973.05 | O27: 0.40291416 | P27: 3.1255011 | Q27: 25.065031 | R27: 10.292407 | S27: 14.8 | T27: -0.35842294 | U27: -32.769045 | V27: 6353 | W27: 6776.5 | X27: 7433.8333 | Y27: 0 | Z27: 0 | AA27: 0 | AB27: 2502.9254 | AC27: 27.3 | AD27: 36.5 | AE27: 40.7 | AF27: 34.6 | AG27: D
... A52: A226590 | B52: 엠디바이스 | E52: -0.8 | F52: 16.1 | G52: -563.4 | H52: 51.1 | I52: 325.1 | J52: -29.7 | K52: 16220 | L52: 103388 | M52: 16.769534 | N52: 313871.8 | O52: 0.32939563 | P52: 6.3029158 | Q52: 29.847546 | R52: 15.062512 | S52: 14.8 | T52: 3.2463399 | U52: -44.547009 | V52: 19010 | W52: 21805 | X52: 25970.833 | Y52: 0 | Z52: 0 | AA52: 0 | AB52: 15135.383 | AC52: 34 | AD52: 63.1 | AE52: 28.9 | AF52: 47.5 | AG52: D

Sheet 외국인순매수TOP
A1: 코드 | B1: 코드명 | C1: 상장일 | D1: days_since_ipo | E1: 기관_일간 | F1: 기관_5일 | G1: 기관_20일 | H1: 외국인_일간 | I1: 외국인_5일 | J1: 외국인_20일 | K1: 현재가 | L1: 거래량 | M1: 거래대금(억) | N1: 20일평균거래량 | O1: RVOL(20) | P1: 변동성(30D) | Q1: RSI(14) | R1: 전일RSI(14) | S1: RSI변화량 | T1: 1일수익률(%) | U1: 20일수익률(%) | V1: 10일이평 | W1: 20일이평 | X1: 60일이평 | Y1: 10일선돌파 | Z1: 20일선돌파 | AA1: 60일선돌파 | AB1: BB폭 | AC1: 모멘텀스코어 | AD1: 수급스코어 | AE1: 거래량스코어 | AF1: 종합스코어 | AG1: 등급
A2: A483650 | B2: 달바글로벌 | E2: -1546 | F2: -4786 | G2: -3164.1 | H2: 1589.7 | I2: 7177.5 | J2: 12949.7 | K2: 198100 | L2: 261115 | M2: 517.26882 | N2: 254263.05 | O2: 1.0269483 | P2: 4.6744229 | Q2: 43.867101 | R2: 25.40614 | S2: 18.5 | T2: 5.7097118 | U2: -11.364653 | V2: 205400 | W2: 217875 | X2: 189655 | Y2: 0 | Z2: 0 | AA2: 1 | AB2: 74619.357 | AC2: 69.5 | AD2: 50.7 | AE2: 89.6 | AF2: 64.1 | AG2: C
A3: A476830 | B3: 알지노믹스 | E3: -557.6 | F3: -1867.9 | G3: -5921.3 | H3: 941 | I3: 1190 | J3: 8876.5 | K3: 110000 | L3: 231128 | M3: 254.2408 | N3: 299938.8 | O3: 0.77058387 | P3: 4.7133699 | Q3: 28.103637 | R3: 17.720038 | S3: 10.4 | T3: -0.81154193 | U3: -36.962751 | V3: 128640 | W3: 142665 | X3: 177491.67 | Y3: 0 | Z3: 0 | AA3: 0 | AB3: 77209.574 | AC3: 22.8 | AD3: 50.5 | AE3: 77.8 | AF3: 47.7 | AG3: D
A4: A062040 | B4: 산일전기 | E4: -1011.3 | F4: -7275.2 | G4: -6348.7 | H4: 507.6 | I4: 7642.7 | J4: 9497.8 | K4: 222500 | L4: 261313 | M4: 581.42142 | N4: 442267.4 | O4: 0.59084843 | P4: 7.4261701 | Q4: 40.062116 | R4: 15.960144 | S4: 24.1 | T4: -1.1111111 | U4: -33.283358 | V4: 254300 | W4: 276025 | X4: 207160 | Y4: 0 | Z4: 0 | AA4: 1 | AB4: 134989.24 | AC4: 34.8 | AD4: 50.3 | AE4: 63 | AF4: 48.2 | AG4: D
A5: A456010 | B5: 아이씨티케이 | E5: 12.1 | F5: 12.2 | G5: -139.3 | H5: 319.6 | I5: 1076.5 | J5: 1675.5 | K5: 28150 | L5: 616584 | M5: 173.5684 | N5: 2167570 | O5: 0.28445863 | P5: 9.1631452 | Q5: 54.393106 | R5: 55.76564 | S5: -1.4 | T5: -2.5951557 | U5: 19.532909 | V5: 29285 | W5: 25559.5 | X5: 20211.333 | Y5: 0 | Z5: 1 | AA5: 1 | AB5: 19888.898 | AC5: 53.9 | AD5: 84.3 | AE5: 18.5 | AF5: 62 | AG5: C
A6: A475830 | B6: 오름테라퓨틱 | E6: 36.5 | F6: -76.3 | G6: -949.2 | H6: 222.4 | I6: 1149.7 | J6: 3960.9 | K6: 64100 | L6: 115638 | M6: 74.123958 | N6: 206970.5 | O6: 0.55871731 | P6: 4.6409356 | Q6: 33.400989 | R6: 18.730637 | S6: 14.7 | T6: 0.62794349 | U6: -31.735889 | V6: 68050 | W6: 73210 | X6: 89981.667 | Y6: 0 | Z6: 0 | AA6: 0 | AB6: 32296.234 | AC6: 40.1 | AD6: 72.4 | AE6: 59.3 | AF6: 60.1 | AG6: C
A7: A456160 | B7: 지투지바이오 | E7: 39.8 | F7: -651.8 | G7: -558.2 | H7: 178.8 | I7: -196 | J7: 690.5 | K7: 53500 | L7: 184821 | M7: 98.879235 | N7: 287970.95 | O7: 0.64180432 | P7: 4.826872 | Q7: 29.524383 | R7: 12.064757 | S7: 17.5 | T7: -0.37243948 | U7: -37.206573 | V7: 59040 | W7: 65005 | X7: 75601.667 | Y7: 0 | Z7: 0 | AA7: 0 | AB7: 31889.408 | AC7: 24.5 | AD7: 53.7 | AE7: 71.1 | AF7: 48.4 | AG7: D
A8: A031210 | B8: 서울보증보험 | E8: -121.3 | F8: -710.5 | G8: -1733.3 | H8: 164.1 | I8: 396.6 | J8: 563.7 | K8: 43450 | L8: 50107 | M8: 21.771491 | N8: 84143.55 | O8: 0.59549425 | P8: 2.2897461 | Q8: 37.130829 | R8: 28.819263 | S8: 8.3 | T8: 0.34642032 | U8: -7.8472959 | V8: 44415 | W8: 45145 | X8: 49424.167 | Y8: 0 | Z8: 0 | AA8: 0 | AB8: 5308.9398 | AC8: 57.7 | AD8: 49.1 | AE8: 63.7 | AF8: 54.6 | AG8: C
A9: A468530 | B9: 프로티나 | E9: -90 | F9: -398 | G9: -633.8 | H9: 151.2 | I9: 578.8 | J9: 1346.9 | K9: 37500 | L9: 56676 | M9: 21.2535 | N9: 82144.5 | O9: 0.6899549 | P9: 4.2124554 | Q9: 26.424076 | R9: 15.521495 | S9: 10.9 | T9: 4.0221914 | U9: -32.065217 | V9: 41515 | W9: 45720 | X9: 60701.667 | Y9: 0 | Z9: 0 | AA9: 0 | AB9: 21901.252 | AC9: 42 | AD9: 52 | AE9: 73.3 | AF9: 53.3 | AG9: C
A10: A457370 | B10: 한켐 | E10: 9.9 | F10: 41.9 | G10: 42.4 | H10: 145.3 | I10: -157.2 | J10: -150.3 | K10: 11290 | L10: 603831 | M10: 68.17252 | N10: 1403514.2 | O10: 0.43022792 | P10: 7.5742566 | Q10: 60.112585 | R10: 64.612652 | S10: -4.5 | T10: -4.0781648 | U10: 21.659483 | V10: 10636 | W10: 9665 | X10: 8964.1667 | Y10: 1 | Z10: 1 | AA10: 1 | AB10: 6385.1209 | AC10: 71.5 | AD10: 67 | AE10: 46.7 | AF10: 64.3 | AG10: C
A11: A478340 | B11: 나라스페이스테크놀로지 | E11: -8.5 | F11: -9.5 | G11: -183 | H11: 137.8 | I11: -29 | J11: 75 | K11: 23400 | L11: 118111 | M11: 27.637974 | N11: 312140.85 | O11: 0.37839008 | P11: 5.616511 | Q11: 34.491198 | R11: 25.961415 | S11: 8.5 | T11: 5.6433409 | U11: -31.47877 | V11: 26605 | W11: 28842.5 | X11: 35685 | Y11: 0 | Z11: 0 | AA11: 0 | AB11: 13172.423 | AC11: 50.2 | AD11: 49.1 | AE11: 37 | AF11: 47 | AG11: D
A12: A491000 | B12: 리브스메드 | E12: -124.2 | F12: -797.1 | G12: -1957.8 | H12: 130.3 | I12: -2070.8 | J12: 2326.7 | K12: 49400 | L12: 179150 | M12: 88.5001 | N12: 420450.45 | O12: 0.42609064 | P12: 6.3325383 | Q12: 35.120554 | R12: 25.146179 | S12: 10 | T12: 3.0239833 | U12: -29.226361 | V12: 59575 | W12: 61687.5 | X12: 67859.167 | Y12: 0 | Z12: 0 | AA12: 0 | AB12: 30419.237 | AC12: 50.3 | AD12: 33.2 | AE12: 45.9 | AF12: 40.9 | AG12: D
A13: A475960 | B13: 토모큐브 | E13: -79.5 | F13: -379.3 | G13: -321.9 | H13: 116.9 | I13: 3.3 | J13: -1004.3 | K13: 42100 | L13: 46755 | M13: 19.683855 | N13: 133608.85 | O13: 0.34993939 | P13: 4.1182702 | Q13: 35.046726 | R13: 55.35102 | S13: -20.3 | T13: 3.1862745 | U13: -28.156997 | V13: 44090 | W13: 48217.5 | X13: 52709.167 | Y13: 0 | Z13: 0 | AA13: 0 | AB13: 22725.388 | AC13: 51.5 | AD13: 35.2 | AE13: 32.6 | AF13: 39.6 | AG13: D
... A21: A380550 | B21: 뉴로핏 | E21: -5.5 | F21: -12.3 | G21: -72.8 | H21: 75 | I21: 191.6 | J21: 213.9 | K21: 13310 | L21: 157333 | M21: 20.941022 | N21: 479759.6 | O21: 0.32794133 | P21: 4.1436218 | Q21: 27.681957 | R21: 20.055471 | S21: 7.6 | T21: 0.52870091 | U21: -33.216257 | V21: 15358 | W21: 16747 | X21: 19825.833 | Y21: 0 | Z21: 0 | AA21: 0 | AB21: 7568.1449 | AC21: 32.9 | AD21: 59.3 | AE21: 28.1 | AF21: 45.1 | AG21: D

Sheet 기관순매수TOP
A1: 코드 | B1: 코드명 | C1: 상장일 | D1: days_since_ipo | E1: 기관_일간 | F1: 기관_5일 | G1: 기관_20일 | H1: 외국인_일간 | I1: 외국인_5일 | J1: 외국인_20일 | K1: 현재가 | L1: 거래량 | M1: 거래대금(억) | N1: 20일평균거래량 | O1: RVOL(20) | P1: 변동성(30D) | Q1: RSI(14) | R1: 전일RSI(14) | S1: RSI변화량 | T1: 1일수익률(%) | U1: 20일수익률(%) | V1: 10일이평 | W1: 20일이평 | X1: 60일이평 | Y1: 10일선돌파 | Z1: 20일선돌파 | AA1: 60일선돌파 | AB1: BB폭 | AC1: 모멘텀스코어 | AD1: 수급스코어 | AE1: 거래량스코어 | AF1: 종합스코어 | AG1: 등급
A2: A466100 | B2: 클로봇 | E2: 281.5 | F2: 376.1 | G2: 103 | H2: -241.8 | I2: -1065.8 | J2: -577.5 | K2: 46450 | L2: 475869 | M2: 221.04115 | N2: 470491.05 | O2: 1.0114305 | P2: 4.2630254 | Q2: 50.165413 | R2: 45.302741 | S2: 4.9 | T2: -2.0042194 | U2: -8.5629921 | V2: 43255 | W2: 45022.5 | X2: 48811.667 | Y2: 1 | Z2: 1 | AA2: 0 | AB2: 13252.444 | AC2: 71.5 | AD2: 50.2 | AE2: 88.1 | AF2: 64.2 | AG2: C
A3: A279570 | B3: 케이뱅크 | E3: 188.6 | F3: 1261.1 | G3: 2414.4 | H3: 56.5 | I3: -172.6 | J3: -1422.9 | K3: 5590 | L3: 1150517 | M3: 64.3139 | N3: 2219805.1 | O3: 0.5182964 | P3: 2.2128591 | Q3: 39.379227 | R3: 26.722328 | S3: 12.7 | T3: 0 | U3: -11.128776 | V3: 5569 | W3: 5626.5 | X3: 6164.1667 | Y3: 1 | Z3: 0 | AA3: 0 | AB3: 853.7003 | AC3: 75.6 | AD3: 67.9 | AE3: 54.8 | AF3: 67.6 | AG3: B
A4: A448900 | B4: 한국피아이엠 | E4: 170.5 | F4: 1412.9 | G4: 1401.5 | H4: -72.3 | I4: -93.3 | J4: -15.3 | K4: 90600 | L4: 80714 | M4: 73.126884 | N4: 259323.55 | O4: 0.31124825 | P4: 8.8718397 | Q4: 42.037099 | R4: 26.960537 | S4: 15.1 | T4: -5.1308901 | U4: -29.163409 | V4: 97530 | W4: 106125 | X4: 107470 | Y4: 0 | Z4: 0 | AA4: 0 | AB4: 60280.869 | AC4: 31.1 | AD4: 58.8 | AE4: 25.2 | AF4: 43.8 | AG4: D
A5: A160190 | B5: 하이젠알앤엠 | E5: 116.4 | F5: -41.7 | G5: 531.5 | H5: -6.4 | I5: 510.4 | J5: 1500 | K5: 30450 | L5: 132131 | M5: 40.233889 | N5: 272157.9 | O5: 0.4854939 | P5: 4.5839128 | Q5: 33.026318 | R5: 19.176734 | S5: 13.8 | T5: 0.16447368 | U5: -32.929515 | V5: 33285 | W5: 36810 | X5: 41080.833 | Y5: 0 | Z5: 0 | AA5: 0 | AB5: 18045.976 | AC5: 36.1 | AD5: 68.6 | AE5: 51.9 | AF5: 55.5 | AG5: C
A6: A462870 | B6: 시프트업 | E6: 80.7 | F6: 97.2 | G6: -130.2 | H6: -26.3 | I6: -75.2 | J6: -345.7 | K6: 30450 | L6: 77728 | M6: 23.668176 | N6: 86224.2 | O6: 0.90146386 | P6: 2.3150377 | Q6: 48.93134 | R6: 40.612545 | S6: 8.3 | T6: 0 | U6: -8.6956522 | V6: 29140 | W6: 29942.5 | X6: 31572.5 | Y6: 1 | Z6: 1 | AA6: 0 | AB6: 5017.5586 | AC6: 79.4 | AD6: 45.8 | AE6: 84.4 | AF6: 63.6 | AG6: C
A7: A295310 | B7: 에이치브이엠 | E7: 64.3 | F7: -1304.6 | G7: -666.2 | H7: 71.5 | I7: 702.5 | J7: 4302.7 | K7: 102600 | L7: 267849 | M7: 274.81307 | N7: 428890.9 | O7: 0.62451547 | P7: 9.5068703 | Q7: 50.032472 | R7: 44.914819 | S7: 5.1 | T7: 1.9880716 | U7: 14.508929 | V7: 109740 | W7: 104570 | X7: 96038.333 | Y7: 0 | Z7: 0 | AA7: 1 | AB7: 51960.487 | AC7: 70.5 | AD7: 67 | AE7: 68.1 | AF7: 68.3 | AG7: B
A8: A394800 | B8: 쓰리빌리언 | E8: 40.8 | F8: -1.9 | G8: -15.9 | H8: -34.4 | I8: 64.2 | J8: -215.5 | K8: 8420 | L8: 137921 | M8: 11.612948 | N8: 224414.55 | O8: 0.61458136 | P8: 4.3153161 | Q8: 28.037548 | R8: 9.8487443 | S8: 18.2 | T8: 0.23809524 | U8: -35.872049 | V8: 9189 | W8: 10088 | X8: 12024.5 | Y8: 0 | Z8: 0 | AA8: 0 | AB8: 4698.0148 | AC8: 29.2 | AD8: 50.5 | AE8: 65.9 | AF8: 47.2 | AG8: D
A9: A376270 | B9: HEM파마 | E9: 40.4 | F9: -170.5 | G9: -283.8 | H9: -12.6 | I9: -18.4 | J9: 50.9 | K9: 49250 | L9: 22812 | M9: 11.23491 | N9: 36553.8 | O9: 0.62406644 | P9: 5.0832422 | Q9: 35.28453 | R9: 23.162993 | S9: 12.1 | T9: 5.010661 | U9: -19.918699 | V9: 52760 | W9: 58830 | X9: 63928.333 | Y9: 0 | Z9: 0 | AA9: 0 | AB9: 32413.993 | AC9: 61.3 | AD9: 42.5 | AE9: 67.4 | AF9: 53.1 | AG9: C
A10: A456160 | B10: 지투지바이오 | E10: 39.8 | F10: -651.8 | G10: -558.2 | H10: 178.8 | I10: -196 | J10: 690.5 | K10: 53500 | L10: 184821 | M10: 98.879235 | N10: 287970.95 | O10: 0.64180432 | P10: 4.826872 | Q10: 29.524383 | R10: 12.064757 | S10: 17.5 | T10: -0.37243948 | U10: -37.206573 | V10: 59040 | W10: 65005 | X10: 75601.667 | Y10: 0 | Z10: 0 | AA10: 0 | AB10: 31889.408 | AC10: 24.5 | AD10: 53.7 | AE10: 71.1 | AF10: 48.4 | AG10: D
A11: A475830 | B11: 오름테라퓨틱 | E11: 36.5 | F11: -76.3 | G11: -949.2 | H11: 222.4 | I11: 1149.7 | J11: 3960.9 | K11: 64100 | L11: 115638 | M11: 74.123958 | N11: 206970.5 | O11: 0.55871731 | P11: 4.6409356 | Q11: 33.400989 | R11: 18.730637 | S11: 14.7 | T11: 0.62794349 | U11: -31.735889 | V11: 68050 | W11: 73210 | X11: 89981.667 | Y11: 0 | Z11: 0 | AA11: 0 | AB11: 32296.234 | AC11: 40.1 | AD11: 72.4 | AE11: 59.3 | AF11: 60.1 | AG11: C
A12: A473980 | B12: 노머스 | E12: 34.8 | F12: 112.6 | G12: 410.8 | H12: 23.2 | I12: 38.6 | J12: -9.8 | K12: 14000 | L12: 45278 | M12: 6.33892 | N12: 66871.9 | O12: 0.67708559 | P12: 3.4568979 | Q12: 35.38595 | R12: 29.594919 | S12: 5.8 | T12: -0.42674253 | U12: -20.22792 | V12: 14384 | W12: 15572.5 | X12: 17158 | Y12: 0 | Z12: 0 | AA12: 0 | AB12: 5398.5242 | AC12: 46.6 | AD12: 79.9 | AE12: 71.9 | AF12: 68.3 | AG12: B
A13: A458650 | B13: 성우 | E13: 22 | F13: 102.1 | G13: 136.5 | H13: -3.4 | I13: -106.3 | J13: 21.7 | K13: 11190 | L13: 37331 | M13: 4.1773389 | N13: 147052.4 | O13: 0.25386189 | P13: 3.1108249 | Q13: 31.158666 | R13: 33.621755 | S13: -2.5 | T13: 0.72007201 | U13: -20.750708 | V13: 12732 | W13: 13096.5 | X13: 12960 | Y13: 0 | Z13: 0 | AA13: 0 | AB13: 3815.8291 | AC13: 47.9 | AD13: 61.7 | AE13: 17 | AF13: 48.6 | AG13: D
... A21: A287840 | B21: 인투셀 | E21: 8.1 | F21: 75.9 | G21: 314.5 | H21: -9.2 | I21: 188.6 | J21: 488 | K21: 26400 | L21: 45850 | M21: 12.1044 | N21: 84577.85 | O21: 0.54210411 | P21: 2.8594773 | Q21: 24.577585 | R21: 14.262795 | S21: 10.3 | T21: -1.4925373 | U21: -25.946704 | V21: 28900 | W21: 30922.5 | X21: 38566.667 | Y21: 0 | Z21: 0 | AA21: 0 | AB21: 10803.601 | AC21: 28.7 | AD21: 74.3 | AE21: 57 | AF21: 57.2 | AG21: C

Sheet RVOL_TOP
A1: 코드 | B1: 코드명 | C1: 상장일 | D1: days_since_ipo | E1: 기관_일간 | F1: 기관_5일 | G1: 기관_20일 | H1: 외국인_일간 | I1: 외국인_5일 | J1: 외국인_20일 | K1: 현재가 | L1: 거래량 | M1: 거래대금(억) | N1: 20일평균거래량 | O1: RVOL(20) | P1: 변동성(30D) | Q1: RSI(14) | R1: 전일RSI(14) | S1: RSI변화량 | T1: 1일수익률(%) | U1: 20일수익률(%) | V1: 10일이평 | W1: 20일이평 | X1: 60일이평 | Y1: 10일선돌파 | Z1: 20일선돌파 | AA1: 60일선돌파 | AB1: BB폭 | AC1: 모멘텀스코어 | AD1: 수급스코어 | AE1: 거래량스코어 | AF1: 종합스코어 | AG1: 등급
A2: A476080 | B2: M83 | E2: 0 | F2: -0.3 | G2: -0.3 | H2: 1.9 | I2: -0.7 | J2: -33.7 | K2: 7760 | L2: 255851 | M2: 19.854038 | N2: 64930.4 | O2: 3.9403885 | P2: 8.5578053 | Q2: 65.950345 | R2: 40.922803 | S2: 25 | T2: 29.98325 | U2: 8.8359046 | V2: 5618 | W2: 5929 | X2: 6425.3333 | Y2: 1 | Z2: 1 | AA2: 1 | AB2: 2914.9675 | AC2: 98.1 | AD2: 49.8 | AE2: 100 | AF2: 74.3 | AG2: B
A3: A424870 | B3: 이뮨온시아 | E3: -47.1 | F3: -115.8 | G3: -507.2 | H3: -25.4 | I3: -82.7 | J3: 0.6 | K3: 4425 | L3: 1883495 | M3: 83.344654 | N3: 512446.75 | O3: 3.6754941 | P3: 5.0667042 | Q3: 28.778666 | R3: 27.957747 | S3: 0.8 | T3: -15.714286 | U3: -36.054913 | V3: 5704.5 | W3: 5879.25 | X3: 7098 | Y3: 0 | Z3: 0 | AA3: 0 | AB3: 2285.4439 | AC3: 12.2 | AD3: 19.8 | AE3: 99.3 | AF3: 33.4 | AG3: D
A4: A481070 | B4: 에이유브랜즈 | E4: -12.1 | F4: -88.2 | G4: -199.6 | H4: 20.4 | I4: 44.8 | J4: 12.1 | K4: 12420 | L4: 101612 | M4: 12.62021 | N4: 32942.15 | O4: 3.0845588 | P4: 2.8264106 | Q4: 20.718429 | R4: 10.598447 | S4: 10.1 | T4: -1.5067407 | U4: -30.769231 | V4: 14135 | W4: 15573 | X4: 17103.167 | Y4: 0 | Z4: 0 | AA4: 0 | AB4: 6714.2971 | AC4: 21.4 | AD4: 44.6 | AE4: 98.5 | AF4: 48.4 | AG4: D
A5: A486990 | B5: 노타 | E5: -143.8 | F5: -274.1 | G5: -636.1 | H5: -73.7 | I5: -124 | J5: -67.6 | K5: 39100 | L5: 1459689 | M5: 570.7384 | N5: 649706.75 | O5: 2.246689 | P5: 7.4864593 | Q5: 60.281059 | R5: 48.416358 | S5: 11.9 | T5: 12.034384 | U5: 12.680115 | V5: 32435 | W5: 32057.5 | X5: 35302.5 | Y5: 1 | Z5: 1 | AA5: 1 | AB5: 15441.881 | AC5: 98 | AD5: 11.2 | AE5: 97.8 | AF5: 54.6 | AG5: C
A6: A457600 | B6: 벡트 | E6: 0.2 | F6: 0.1 | G6: 0 | H6: 0.7 | I6: 1.4 | J6: 0.1 | K6: 1611 | L6: 99426 | M6: 1.6017529 | N6: 46680.65 | O6: 2.1299189 | P6: 3.4730753 | Q6: 34.928758 | R6: 50.661688 | S6: -15.7 | T6: 2.611465 | U6: -26.100917 | V6: 1652.8 | W6: 1824.3 | X6: 2042.05 | Y6: 0 | Z6: 0 | AA6: 0 | AB6: 895.64382 | AC6: 52.4 | AD6: 60.2 | AE6: 97 | AF6: 65.2 | AG6: B
A7: A331740 | B7: 아우토크립트 | E7: -8.4 | F7: 117.8 | G7: -120.5 | H7: -40.6 | I7: -96.7 | J7: -131.3 | K7: 10580 | L7: 219498 | M7: 23.222888 | N7: 108080.6 | O7: 2.0308733 | P7: 5.3353652 | Q7: 33.681263 | R7: 34.863772 | S7: -1.2 | T7: -12.921811 | U7: -28.561783 | V7: 12247 | W7: 12699 | X7: 15147.833 | Y7: 0 | Z7: 0 | AA7: 0 | AB7: 4306.1943 | AC7: 24.9 | AD7: 32.2 | AE7: 96.3 | AF7: 42.8 | AG7: D
A8: A061090 | B8: 세나테크놀로지 | E8: -5.1 | F8: -1.2 | G8: 116.5 | H8: -49.7 | I8: -55.7 | J8: -173.5 | K8: 49800 | L8: 189628 | M8: 94.434744 | N8: 103121 | O8: 1.8388883 | P8: 7.9917288 | Q8: 57.999371 | R8: 50.452556 | S8: 7.5 | T8: -1.9685039 | U8: 17.45283 | V8: 45480 | W8: 45827.5 | X8: 41210 | Y8: 1 | Z8: 1 | AA8: 1 | AB8: 16908.979 | AC8: 75.6 | AD8: 32.7 | AE8: 95.6 | AF8: 58.2 | AG8: C
A9: A347850 | B9: 디앤디파마텍 | K9: 94000 | L9: 1925795 | M9: 1810.2473 | N9: 1364003.4 | O9: 1.4118697 | P9: 8.1432137 | Q9: 59.719538 | R9: 48.212381 | S9: 11.5 | T9: 11.7717 | U9: 25.500668 | V9: 82730 | W9: 75585 | X9: 76581.667 | Y9: 1 | Z9: 1 | AA9: 1 | AB9: 54794.587 | AC9: 98.8 | AD9: 50 | AE9: 94.8 | AF9: 73.6 | AG9: B
A10: A403850 | B10: 더핑크퐁컴퍼니 | E10: -19.4 | F10: -29.4 | G10: -336.5 | H10: 13.5 | I10: 55.1 | J10: 64 | K10: 11600 | L10: 87724 | M10: 10.175984 | N10: 71887.8 | O10: 1.2202905 | P10: 3.4562535 | Q10: 29.200335 | R10: 21.286905 | S10: 7.9 | T10: -8.3728278 | U10: -32.242991 | V10: 12541 | W10: 13781 | X10: 16057.5 | Y10: 0 | Z10: 0 | AA10: 0 | AB10: 6180.92 | AC10: 17.8 | AD10: 46.1 | AE10: 94.1 | AF10: 47.2 | AG10: D
A11: A462980 | B11: 아이지넷 | E11: -1 | F11: 0.4 | G11: 5.7 | H11: -32.1 | I11: -50.8 | J11: -116.8 | K11: 1421 | L11: 316336 | M11: 4.4951346 | N11: 271172.65 | O11: 1.1665483 | P11: 3.3220863 | Q11: 23.888911 | R11: 17.14578 | S11: 6.7 | T11: -10.176991 | U11: -37.123894 | V11: 1610.6 | W11: 1828.9 | X11: 2169.8 | Y11: 0 | Z11: 0 | AA11: 0 | AB11: 1040.6815 | AC11: 7.2 | AD11: 40.5 | AE11: 93.3 | AF11: 41.1 | AG11: D
A12: A415640 | B12: KB발해인프라 | E12: 14.1 | F12: -24.3 | G12: 38.3 | H12: 6.5 | I12: -12.5 | J12: -127 | K12: 9620 | L12: 126149 | M12: 12.135534 | N12: 113356.4 | O12: 1.1128529 | P12: 1.1241761 | Q12: 37.795796 | R12: 31.480883 | S12: 6.3 | T12: -1.7364658 | U12: -3.7037037 | V12: 9908 | W12: 9914 | X12: 9946.5 | Y12: 0 | Z12: 0 | AA12: 0 | AB12: 519.33561 | AC12: 49.5 | AD12: 53.6 | AE12: 92.6 | AF12: 60.2 | AG12: C
A13: A098070 | B13: 한텍 | E13: -21.9 | F13: -759.6 | G13: -1190.2 | H13: 7.3 | I13: 156.4 | J13: 225.5 | K13: 36800 | L13: 112788 | M13: 41.505984 | N13: 105304.1 | O13: 1.0710694 | P13: 3.9205486 | Q13: 45.700896 | R13: 35.075721 | S13: 10.6 | T13: 9.3610698 | U13: -20.260022 | V13: 35540 | W13: 37627.5 | X13: 42726.667 | Y13: 1 | Z13: 0 | AA13: 0 | AB13: 14878.805 | AC13: 87.6 | AD13: 39.7 | AE13: 91.9 | AF13: 64.5 | AG13: C
A14: A463020 | B14: 뉴엔AI | E14: -2 | F14: -11.4 | G14: -29 | H14: 25.3 | I14: 16 | J14: -7.2 | K14: 8820 | L14: 98891 | M14: 8.7221862 | N14: 92838.05 | O14: 1.065199 | P14: 3.9081253 | Q14: 26.074429 | R14: 23.710033 | S14: 2.4 | T14: 0.57012543 | U14: -41.897233 | V14: 9777 | W14: 11229.5 | X14: 12657.5 | Y14: 0 | Z14: 0 | AA14: 0 | AB14: 7318.1013 | AC14: 25.3 | AD14: 51.9 | AE14: 91.1 | AF14: 51.8 | AG14: C
A15: A466410 | B15: 사이냅소프트 | E15: -0.5 | F15: -0.6 | G15: -8.3 | H15: -2.4 | I15: -9.2 | J15: -38.8 | K15: 9740 | L15: 32637 | M15: 3.1788438 | N15: 31268.2 | O15: 1.0437761 | P15: 1.8424501 | Q15: 29.424419 | R15: 15.812783 | S15: 13.6 | T15: -3.3730159 | U15: -16.894198 | V15: 10190 | W15: 10568 | X15: 11136.5 | Y15: 0 | Z15: 0 | AA15: 0 | AB15: 1823.662 | AC15: 34.1 | AD15: 41.7 | AE15: 90.4 | AF15: 49.2 | AG15: D
A16: A483650 | B16: 달바글로벌 | E16: -1546 | F16: -4786 | G16: -3164.1 | H16: 1589.7 | I16: 7177.5 | J16: 12949.7 | K16: 198100 | L16: 261115 | M16: 517.26882 | N16: 254263.05 | O16: 1.0269483 | P16: 4.6744229 | Q16: 43.867101 | R16: 25.40614 | S16: 18.5 | T16: 5.7097118 | U16: -11.364653 | V16: 205400 | W16: 217875 | X16: 189655 | Y16: 0 | Z16: 0 | AA16: 1 | AB16: 74619.357 | AC16: 69.5 | AD16: 50.7 | AE16: 89.6 | AF16: 64.1 | AG16: C
A17: A475660 | B17: 에스켐 | E17: 0 | F17: 0 | G17: -0.8 | H17: 4.7 | I17: -0.8 | J17: -25.9 | K17: 4540 | L17: 29127 | M17: 1.3223658 | N17: 28794.95 | O17: 1.0115315 | P17: 4.761231 | Q17: 44.206431 | R17: 30.237798 | S17: 14 | T17: 8.0952381 | U17: -12.859885 | V17: 4428.5 | W17: 4659.25 | X17: 5226.75 | Y17: 1 | Z17: 0 | AA17: 0 | AB17: 1193.5312 | AC17: 90.3 | AD17: 54.2 | AE17: 88.9 | AF17: 72 | AG17: B
A18: A466100 | B18: 클로봇 | E18: 281.5 | F18: 376.1 | G18: 103 | H18: -241.8 | I18: -1065.8 | J18: -577.5 | K18: 46450 | L18: 475869 | M18: 221.04115 | N18: 470491.05 | O18: 1.0114305 | P18: 4.2630254 | Q18: 50.165413 | R18: 45.302741 | S18: 4.9 | T18: -2.0042194 | U18: -8.5629921 | V18: 43255 | W18: 45022.5 | X18: 48811.667 | Y18: 1 | Z18: 1 | AA18: 0 | AB18: 13252.444 | AC18: 71.5 | AD18: 50.2 | AE18: 88.1 | AF18: 64.2 | AG18: C
A19: A318060 | B19: 그래피 | E19: -61.6 | F19: -53.2 | G19: -396.3 | H19: 31.8 | I19: 388.3 | J19: 994.5 | K19: 23700 | L19: 189579 | M19: 44.930223 | N19: 195821.8 | O19: 0.96811999 | P19: 4.6789064 | Q19: 31.298143 | R19: 16.865988 | S19: 14.4 | T19: 5.5679287 | U19: -26.511628 | V19: 24680 | W19: 26735 | X19: 36441.667 | Y19: 0 | Z19: 0 | AA19: 0 | AB19: 10778.556 | AC19: 51.8 | AD19: 51.6 | AE19: 87.4 | AF19: 58.8 | AG19: C
A20: A461300 | B20: 아이스크림미디어 | E20: -8.8 | F20: -173.1 | G20: -252 | H20: 26.2 | I20: 80.8 | J20: 129.6 | K20: 16730 | L20: 64062 | M20: 10.717573 | N20: 67803.05 | O20: 0.94482475 | P20: 2.7078997 | Q20: 44.808555 | R20: 26.787389 | S20: 18 | T20: -0.41666667 | U20: -8.8779956 | V20: 17282 | W20: 17469 | X20: 17023 | Y20: 0 | Z20: 0 | AA20: 0 | AB20: 2409.5564 | AC20: 55.9 | AD20: 48.1 | AE20: 86.7 | AF20: 58.2 | AG20: C
A21: A096250 | B21: 와이즈넛 | E21: -4.1 | F21: -45.5 | G21: -67.8 | H21: 15.4 | I21: 3.3 | J21: -42.4 | K21: 7890 | L21: 63814 | M21: 5.0349246 | N21: 69432.1 | O21: 0.91908498 | P21: 2.8601645 | Q21: 29.416205 | R21: 13.110655 | S21: 16.3 | T21: 3.2722513 | U21: -28.790614 | V21: 8421 | W21: 9047 | X21: 10057.667 | Y21: 0 | Z21: 0 | AA21: 0 | AB21: 3237.5195 | AC21: 46.2 | AD21: 42 | AE21: 85.9 | AF21: 52 | AG21: C

Sheet RSI추이
A1: 날짜 | B1: 분석종목수 | C1: RSI65이상 | D1: 과매수비율(%) | E1: 전일대비
A2: 2026-06-04 | B2: 135 | C2: 2 | D2: 1.5 | E2: -1
A3: 2026-06-02 | B3: 135 | C3: 3 | D3: 2.2 | E3: -1
A4: 2026-06-01 | B4: 135 | C4: 4 | D4: 3 | E4: -2
A5: 2026-05-29 | B5: 135 | C5: 6 | D5: 4.4 | E5: -2
A6: 2026-05-28 | B6: 135 | C6: 8 | D6: 5.9 | E6: -2
A7: 2026-05-27 | B7: 135 | C7: 10 | D7: 7.4 | E7: -3
A8: 2026-05-26 | B8: 135 | C8: 13 | D8: 9.6 | E8: 0
A9: 2026-05-22 | B9: 135 | C9: 13 | D9: 9.6 | E9: 4
A10: 2026-05-21 | B10: 135 | C10: 9 | D10: 6.7 | E10: 4
A11: 2026-05-20 | B11: 135 | C11: 5 | D11: 3.7 | E11: -2
A12: 2026-05-19 | B12: 135 | C12: 7 | D12: 5.2 | E12: -4
A13: 2026-05-18 | B13: 135 | C13: 11 | D13: 8.1 | E13: -2
... A31: 2026-04-20 | B31: 0 | C31: 0 | D31: 0 | E31: 0
